# AutoRemesher 1.0.0
# https://autoremesher.dust3d.org/
v -0.384449 0.218598 0.0368861
v -0.380014 0.213026 0.0224056
v -0.366638 0.207698 0.0574374
v -0.362356 0.202969 0.0331469
v -0.393109 0.242353 0.0172157
v -0.356766 0.209313 0.00538677
v -0.385801 0.227742 0.0549434
v -0.321743 0.211299 0.0428459
v -0.330529 0.214195 0.0668496
v -0.344627 0.214033 0.0725805
v -0.336961 0.203744 0.0245329
v -0.308194 0.22828 0.035517
v -0.375459 0.232249 -0.00659846
v -0.323247 0.225845 -0.00281733
v -0.333622 0.254461 0.0894264
v -0.34922 0.231571 -0.0164749
v -0.333426 0.229913 0.0819508
v -0.315874 0.222457 0.0163226
v -0.385018 0.265085 -8.36133e-05
v -0.364705 0.256583 -0.0187892
v -0.323892 0.238132 -0.00772902
v -0.384005 0.290398 0.0471799
v -0.315247 0.227939 0.0625325
v -0.371382 0.277962 0.0790278
v -0.304464 0.241546 0.0646568
v -0.318714 0.245161 0.0793704
v -0.3625 0.283329 -0.013737
v -0.303354 0.2536 0.0815574
v -0.312308 0.263057 0.088194
v -0.338394 0.285771 -0.0110855
v -0.367113 0.298403 0.0627132
v -0.29344 0.27107 0.0354411
v -0.318534 0.273673 0.0877166
v -0.322746 0.255852 -0.0108109
v -0.284164 0.257138 0.0540143
v -0.28408 0.255733 0.0744416
v -0.293052 0.250457 0.0688352
v -0.342482 0.268458 0.0901444
v -0.370024 0.305776 0.0330094
v -0.356608 0.311233 0.00734536
v -0.346706 0.284191 0.0830095
v -0.277329 0.263761 0.0638147
v -0.276946 0.270892 0.0748863
v -0.300204 0.289008 0.0882052
v -0.363868 0.308644 0.0137931
v -0.277935 0.278087 0.0508465
v -0.288898 0.261913 0.0838191
v -0.284913 0.274392 0.0437493
v -0.298564 0.279865 0.0899513
v -0.358704 0.318904 0.0148943
v -0.356075 0.310975 0.046942
v -0.281849 0.278876 0.083615
v -0.289816 0.287907 0.0852399
v -0.362257 0.315826 0.0281876
v -0.334177 0.315334 0.0428191
v -0.296887 0.286809 0.0394982
v -0.285614 0.287879 0.0485536
v -0.338279 0.321024 0.0419237
v -0.337379 0.329945 0.0428195
v -0.308488 0.287995 0.0290424
v -0.298238 0.295916 0.0475971
v -0.320108 0.294914 0.0188207
v -0.31325 0.296501 0.0385922
v -0.275619 0.282709 0.0615962
v -0.283697 0.296772 0.0698999
v -0.301388 0.30072 0.0696237
v -0.331389 0.303104 0.0126445
v -0.321795 0.339619 0.0463171
v -0.332238 0.340641 0.0505439
v -0.330266 0.31794 0.0350314
v -0.324543 0.304168 0.0304
v -0.319941 0.300201 0.0604029
v -0.316524 0.300165 0.0484658
v -0.330297 0.311208 0.0224444
v -0.351221 0.335275 -0.0114976
v -0.329067 0.319729 0.0144719
v -0.299564 0.300129 0.0584087
v -0.320431 0.345696 -0.0187964
v -0.328464 0.314016 0.0283687
v -0.357346 0.332819 -0.001428
v -0.360861 0.341417 0.03919
v -0.369141 0.363467 0.0420414
v -0.362964 0.353626 -0.0149016
v -0.313279 0.334488 0.0350025
v -0.343815 0.350378 -0.0237121
v -0.351177 0.363759 0.0559479
v -0.304679 0.344978 -0.00407355
v -0.296664 0.346796 0.0149879
v -0.377411 0.360755 0.0226906
v -0.349302 0.387632 0.0539627
v -0.329254 0.361547 0.0581884
v -0.310325 0.357477 0.0492834
v -0.368587 0.388089 0.0401103
v -0.325839 0.384127 0.0570444
v -0.335832 0.37138 -0.0312129
v -0.288327 0.3734 0.0310464
v -0.326303 0.392853 -0.0352431
v -0.364807 0.412705 0.036325
v -0.374435 0.410545 0.0132749
v -0.310383 0.366993 -0.0253515
v -0.292111 0.364771 -0.0111047
v -0.370385 0.405306 -0.0112096
v -0.321293 0.407449 0.0546576
v -0.298785 0.401654 0.0461476
v -0.264896 0.389719 0.00780884
v -0.365908 0.430049 -0.0159064
v -0.300244 0.386697 -0.0341136
v -0.279747 0.394628 0.0346289
v -0.317217 0.413868 -0.0423903
v -0.371205 0.435471 0.00917162
v -0.345514 0.411623 0.0513627
v -0.280189 0.379318 -0.0253457
v -0.346482 0.42216 -0.0337262
v -0.315296 0.430921 0.0514275
v -0.340938 0.435314 0.0489905
v -0.366885 0.459981 0.0052816
v -0.258596 0.401612 -0.028013
v -0.25952 0.414706 0.027884
v -0.273202 0.399383 -0.0516607
v -0.334546 0.458419 0.0459223
v -0.310577 0.436307 -0.0553631
v -0.350977 0.485341 0.0272073
v -0.307925 0.454963 0.0555935
v -0.32692 0.482823 0.0456203
v -0.287503 0.449879 0.0643523
v -0.269031 0.447505 0.0603274
v -0.241318 0.454635 -0.00349993
v -0.291933 0.427471 -0.0715262
v -0.30832 0.461661 -0.0687769
v -0.334429 0.47154 -0.0463425
v -0.358465 0.511322 -0.000573631
v -0.28995 0.456807 -0.0843685
v -0.349106 0.535352 -0.0302746
v -0.303628 0.479993 0.0643632
v -0.253267 0.466843 -0.0718421
v -0.242426 0.476141 -0.0451726
v -0.306812 0.492439 -0.0821183
v -0.353526 0.53864 -0.00299668
v -0.339848 0.538297 0.0241553
v -0.282609 0.505329 0.082119
v -0.265994 0.476771 0.0706354
v -0.316531 0.534275 0.0554342
v -0.251702 0.477861 0.0545981
v -0.269982 0.460085 -0.0857917
v -0.26297 0.507261 0.0756307
v -0.248277 0.509849 0.0569946
v -0.352164 0.56793 -0.00554477
v -0.327177 0.562664 -0.0654176
v -0.305888 0.525406 -0.0912827
v -0.245991 0.439847 -0.0331234
v -0.288074 0.491686 -0.0982948
v -0.280494 0.534396 0.0861669
v -0.260686 0.536564 0.0788501
v -0.245422 0.537719 0.0581892
v -0.231884 0.524416 -0.00998957
v -0.285831 0.527195 -0.106018
v -0.278656 0.56544 0.0898451
v -0.305124 0.558838 -0.0967278
v -0.298508 0.564415 0.0825619
v -0.249666 0.503144 -0.0781026
v -0.284753 0.561089 -0.109227
v -0.237523 0.516462 0.0298542
v -0.259164 0.564898 0.082088
v -0.243798 0.564563 0.0587227
v -0.233563 0.56208 0.0266968
v -0.226262 0.548041 -0.0197891
v -0.237753 0.512297 -0.0483737
v -0.303839 0.592123 -0.0996874
v -0.350297 0.596686 -0.0390245
v -0.220131 0.552862 0.00358817
v -0.234269 0.566014 -0.0505787
v -0.221384 0.561892 0.0102855
v -0.234733 0.541886 -0.0466178
v -0.283166 0.592139 -0.111026
v -0.258176 0.594654 0.0816849
v -0.315008 0.656483 -0.0766839
v -0.22244 0.552799 -0.021629
v -0.226732 0.567322 -0.0357795
v -0.24458 0.592683 -0.0821286
v -0.2968 0.630732 0.0831362
v -0.312168 0.632188 0.0640381
v -0.216539 0.566375 -0.0312809
v -0.207623 0.561208 -0.0327982
v -0.291607 0.669151 0.0802076
v -0.259772 0.621017 -0.100631
v -0.327793 0.657707 -0.0432795
v -0.325756 0.630945 0.031895
v -0.199222 0.64964 0.02153
v -0.22714 0.591789 -0.0393456
v -0.276376 0.654525 -0.106716
v -0.271808 0.664036 0.0812435
v -0.234227 0.594422 -0.0528053
v -0.193737 0.528299 -0.0202844
v -0.293646 0.688163 -0.0953121
v -0.238773 0.65053 0.0408987
v -0.224833 0.61951 -0.0419814
v -0.2866 0.716049 -0.0900978
v -0.272992 0.681524 -0.100029
v -0.23317 0.621252 -0.0541765
v -0.205775 0.616305 -0.0490422
v -0.269893 0.696343 0.0758602
v -0.31649 0.697927 0.0349078
v -0.314582 0.724407 -0.0436287
v -0.305021 0.699745 0.0607083
v -0.238799 0.681028 0.0346457
v -0.304288 0.72057 -0.0741226
v -0.252923 0.689712 0.0612458
v -0.311761 0.73269 0.0291961
v -0.206876 0.668495 -0.000591436
v -0.287306 0.729705 0.0642061
v -0.254894 0.718286 0.0530183
v -0.295574 0.750071 -0.0684735
v -0.302032 0.731846 0.0514257
v -0.269601 0.726346 0.0650417
v -0.202993 0.654057 -0.0530076
v -0.276755 0.743824 -0.0847957
v -0.199765 0.696696 0.00174102
v -0.214397 0.674382 -0.0605092
v -0.195894 0.571534 -0.065991
v -0.228818 0.731301 -0.0899735
v -0.203494 0.688955 -0.0576495
v -0.307313 0.754252 -0.0418755
v -0.2393 0.711403 0.0297286
v -0.143042 0.444263 0.0570121
v -0.201316 0.679719 -0.056174
v -0.219668 0.706851 0.0111531
v -0.153028 0.44116 -0.0206321
v -0.265512 0.774319 -0.08444
v -0.246174 0.750095 0.02656
v -0.257206 0.753593 0.038709
v -0.295257 0.766026 0.0358296
v -0.202181 0.726375 0.0139263
v -0.154108 0.443457 0.019088
v -0.199757 0.69797 -0.0583146
v -0.304522 0.765822 0.0168603
v -0.283043 0.763225 0.0470344
v -0.172821 0.68488 0.0683249
v -0.170704 0.56688 -0.114845
v -0.200575 0.681033 -0.055875
v -0.309081 0.760706 -0.00814039
v -0.224384 0.738629 0.0169022
v -0.178917 0.676435 -0.0775812
v -0.292677 0.784144 -0.0427848
v -0.296949 0.788452 -0.0165991
v -0.269491 0.758111 0.0468966
v -0.208518 0.757208 0.0183121
v -0.192192 0.686343 -0.0537566
v -0.281802 0.780111 -0.0661574
v -0.282557 0.790857 0.0203597
v -0.27092 0.781782 0.0284589
v -0.245869 0.762177 0.0224773
v -0.245564 0.774259 0.0183945
v -0.193195 0.75492 0.0386598
v -0.253102 0.80599 -0.0871811
v -0.268225 0.810398 -0.0709511
v -0.27603 0.811424 -0.0488907
v -0.292025 0.792442 0.00404508
v -0.155114 0.515727 -0.112238
v -0.244547 0.767951 -0.0941251
v -0.147069 0.534035 0.111144
v -0.218846 0.761917 -0.093587
v -0.140889 0.438772 -0.0600659
v -0.138866 0.717477 0.11091
v -0.276091 0.811672 -0.027519
v -0.247709 0.792078 0.0126978
v -0.14618 0.401706 0.0166344
v -0.135504 0.674253 -0.141829
v -0.116603 0.519184 -0.154065
v -0.25868 0.804294 0.00466965
v -0.230557 0.845368 -0.0901032
v -0.259128 0.843676 -0.0587974
v -0.27033 0.810241 -0.00905977
v -0.133138 0.395969 -0.0526614
v -0.114006 0.394658 0.079601
v -0.20503 0.830417 -0.0963129
v -0.170207 0.802674 0.0817712
v -0.0930228 0.484516 0.130277
v -0.25034 0.842076 -0.0780934
v -0.259945 0.8435 -0.0367331
v -0.110442 0.394905 -0.0863166
v -0.136161 0.400825 0.0503842
v -0.189207 0.827091 -0.0943986
v -0.219993 0.836512 -0.0951411
v -0.156474 0.846528 0.0794065
v -0.0898574 0.435429 -0.119568
v -0.141595 0.369692 0.0142259
v -0.213986 0.830509 0.00880927
v -0.235762 0.836733 0.000104721
v -0.0937442 0.465421 -0.134756
v -0.0794658 0.424799 -0.141098
v -0.0753463 0.351099 0.0776369
v -0.225142 0.85528 -0.0808357
v -0.251233 0.841663 -0.0154797
v -0.172729 0.756027 0.0792032
v -0.13835 0.757325 0.121318
v -0.133275 0.570434 -0.157808
v -0.231915 0.867646 -0.0514491
v -0.194411 0.830032 0.0184231
v -0.140817 0.367669 -0.0151017
v -0.0916525 0.706089 -0.161988
v -0.0981019 0.627983 -0.182187
v -0.0781029 0.532457 -0.181491
v -0.164664 0.862305 -0.0770973
v -0.12545 0.337492 -0.0384792
v -0.085505 0.395061 -0.109248
v -0.0662512 0.502894 -0.180091
v -0.0910678 0.577056 -0.186066
v -0.230184 0.862927 -0.0660452
v -0.174179 0.865826 0.0127467
v -0.142639 0.341401 -0.0143337
v -0.1434 0.342776 0.0131599
v -0.226038 0.866654 -0.0323111
v -0.206547 0.854963 -0.0809829
v -0.104852 0.360937 0.0616461
v -0.0780338 0.456564 -0.158364
v -0.211504 0.865794 -0.0630779
v -0.191992 0.852965 -0.0791442
v -0.194722 0.857039 -0.00747818
v -0.197136 0.866994 -0.0540247
v -0.212804 0.862422 -0.0194391
v -0.14336 0.317269 0.0136538
v -0.100398 0.335108 0.0489531
v -0.056974 0.585776 0.179332
v -0.14404 0.316352 -0.0126729
v -0.126421 0.340417 0.0356704
v -0.0940797 0.676147 -0.170745
v -0.130941 0.291592 0.0351322
v -0.13365 0.290027 -0.0328919
v -0.0641068 0.389504 -0.144719
v -0.0440087 0.581705 -0.202765
v -0.0755417 0.438412 -0.186056
v -0.105068 0.310079 -0.0450228
v -0.12858 0.316138 0.0353532
v -0.0554101 0.638624 0.176157
v -0.145714 0.291774 -0.0111315
v -0.103406 0.313211 0.0457387
v -0.071265 0.328325 0.0530506
v -0.065425 0.373968 -0.164082
v -0.0606757 0.480636 -0.192004
v -0.0921884 0.805751 0.147827
v -0.045164 0.35683 -0.147891
v -0.147779 0.267367 -0.00980587
v -0.111794 0.28757 -0.0439606
v -0.106997 0.290184 0.0453163
v 0.00674332 0.633398 -0.204109
v -0.0361709 0.541489 -0.197273
v -0.16013 0.873439 0.0411949
v -0.159312 0.888211 -0.0220492
v -0.0750851 0.394439 -0.186905
v -0.146382 0.267828 0.0148182
v -0.132531 0.267221 0.0351656
v -0.137186 0.874544 0.079929
v -0.145506 0.888693 0.0499984
v -0.157735 0.887441 0.0152152
v -0.116029 0.264272 -0.0436742
v -0.109588 0.265853 0.0449242
v -0.0209106 0.357118 -0.124703
v -0.0525438 0.315329 -0.0355192
v -0.0689625 0.284281 -0.031005
v -0.0463828 0.740435 -0.184338
v -0.153508 0.901324 -0.0115316
v -0.145426 0.243722 0.0154035
v -0.0803847 0.305946 -0.0421815
v -0.136803 0.266182 -0.0313494
v -0.0767437 0.310214 0.0411279
v -0.0636621 0.303887 -0.0302538
v -0.0926515 0.831995 -0.160294
v -0.0273409 0.494118 -0.209434
v -0.126459 0.86986 -0.115032
v -0.0861055 0.876872 -0.140966
v -0.0584132 0.458769 -0.212578
v -0.0876247 0.285175 -0.0424647
v -0.0818637 0.289105 0.0407423
v -0.0549132 0.309016 0.0288925
v -0.0369334 0.317673 0.0444571
v -0.00371499 0.480936 0.154283
v -0.0924568 0.262347 -0.0433041
v -0.0409262 0.342407 0.0878768
v -0.04259 0.311463 -0.0238228
v -0.0667507 0.351857 -0.187228
v -0.108149 0.873581 0.111116
v 0.00153955 0.682503 0.172886
v -0.141719 0.220821 0.0148851
v -0.131553 0.242885 0.0337642
v -0.0855229 0.264476 0.0412687
v -0.0589257 0.284292 -0.0137792
v -0.0454488 0.335612 -0.168419
v 0.00514701 0.680711 -0.192631
v -0.13812 0.243226 -0.028605
v -0.11061 0.241528 0.0424264
v -0.0669351 0.328209 -0.208752
v 0.00458314 0.340905 0.0939722
v 0.0424909 0.386347 0.123471
v -0.118122 0.917109 -0.0875407
v -0.116928 0.905669 0.105842
v 0.00468134 0.714217 0.165206
v -0.118332 0.241166 -0.0403907
v -0.088267 0.240169 0.0397211
v -0.0520816 0.301996 -0.0161191
v 0.00484016 0.786347 -0.189712
v 0.0408354 0.479499 0.149092
v -0.0704064 0.368552 -0.257272
v -0.0727099 0.392937 -0.236093
v -0.0964979 0.23975 -0.0412928
v -0.0422816 0.831889 -0.178402
v 0.0474665 0.528719 0.171433
v -0.144746 0.220909 -0.00518079
v -0.135875 0.220191 -0.0240991
v -0.0775846 0.238627 -0.031885
v -0.0717881 0.239467 0.0255877
v -0.067727 0.263551 0.0271382
v -0.0595289 0.262544 0.00704399
v 0.0485997 0.347595 0.090699
v -0.128868 0.21994 0.0308362
v -0.110371 0.218389 0.0388685
v -0.0612892 0.262404 -0.0143598
v -0.00306786 0.307414 -0.0102399
v 0.022783 0.353973 -0.108915
v 0.0815866 0.438866 0.122366
v 0.05202 0.704888 -0.178448
v 0.0120434 0.497265 -0.213139
v -0.148256 0.931661 0.116057
v 0.0535011 0.746728 0.16216
v -0.144316 0.198837 -0.00424787
v -0.119203 0.219121 -0.0359356
v -0.100188 0.21797 -0.0389843
v 0.0514776 0.536746 -0.192567
v -0.124756 0.928747 -0.0936828
v -0.0656675 0.238443 -0.0138693
v -0.128322 0.197975 0.0305048
v -0.0145342 0.301855 -0.179289
v 0.012305 0.475984 -0.231012
v -0.0771136 0.896235 -0.128797
v 0.00553018 0.848094 0.156205
v -0.0526882 0.386696 -0.278816
v -0.0908797 0.196778 0.0345383
v -0.063712 0.238759 0.00609776
v 0.082131 0.394152 0.109253
v 0.0497174 0.511906 -0.187872
v -0.0532455 0.885666 0.135707
v 0.105758 0.57762 0.157036
v -0.136622 0.198442 -0.0224734
v -0.141077 0.198642 0.0153616
v -0.0444705 0.312849 -0.190256
v 0.0569992 0.581487 -0.199466
v -0.0888008 0.901382 0.128398
v -0.0481793 0.898437 0.145168
v -0.181315 0.962683 -0.0502479
v -0.0240721 0.424281 -0.271532
v -0.138325 0.176678 -0.0213612
v -0.144895 0.176826 -0.00296477
v -0.110263 0.197147 0.0379666
v -0.0687237 0.216651 0.00471792
v -0.074017 0.907574 -0.124847
v -0.128626 0.926875 0.132563
v -0.140768 0.176628 0.0162263
v -0.121125 0.197639 -0.0339605
v -0.0726265 0.195474 -0.0148414
v -0.123134 0.175897 -0.0334869
v -0.0758878 0.195916 0.0225377
v -0.0581164 0.308395 -0.230878
v -0.055322 0.306315 -0.268765
v 0.0124525 0.452 -0.251482
v -0.060967 0.343048 -0.272728
v -0.139322 0.154625 -0.0201996
v -0.0910547 0.174999 0.0341369
v 0.0498159 0.366746 -0.114066
v -0.0483932 0.291949 -0.251135
v 0.055295 0.793837 0.162911
v -0.128295 0.176261 0.0310084
v -0.0877073 0.152732 -0.0317322
v 0.015736 0.319047 0.0554796
v 0.0482222 0.344242 -0.0851816
v 0.0402136 0.313282 -0.0283108
v 0.0120261 0.426876 -0.272617
v -0.0233956 0.398398 -0.292235
v -0.141711 0.15468 0.0178491
v -0.0696774 0.195565 0.00440383
v -0.0863282 0.174415 -0.0311003
v -0.0916238 0.153363 0.0342387
v 0.0327425 0.308255 -0.00242178
v 0.0555378 0.321623 -0.0478922
v 0.0411638 0.366721 -0.128431
v -0.0386808 0.294437 -0.213866
v -0.0321542 0.280304 -0.236773
v 0.0952064 0.706039 -0.161013
v -0.124582 0.153965 -0.0329888
v 0.0497593 0.310192 0.0261211
v 0.0757439 0.334893 -0.0565186
v 0.0665414 0.3644 -0.0992323
v 0.0631324 0.390099 -0.13957
v 0.0164638 0.289003 -0.204206
v 0.0473247 0.444452 -0.238471
v -0.194304 0.974198 0.0741358
v -0.211609 1.02236 0.0889583
v -0.20779 1.00743 -0.0466001
v -0.0455427 0.358711 -0.292039
v -0.14611 0.13272 0.00027663
v -0.109978 0.132945 0.038299
v -0.0761294 0.174537 0.0217107
v -0.0698107 0.173732 0.00336669
v 0.0564127 0.327509 0.0575435
v 0.0992987 0.788508 0.147677
v 0.0976714 0.526518 0.150304
v -0.0205217 0.368425 -0.303883
v -0.14059 0.132516 -0.0190946
v -0.125773 0.132085 -0.032523
v -0.0750505 0.15265 -0.0165441
v 0.0647778 0.313722 0.0396427
v 0.0511261 0.29649 -0.000927852
v -0.0317512 0.261432 -0.25349
v -0.0505377 0.320234 -0.287013
v -0.0100286 0.274551 -0.229068
v 0.111859 0.372817 0.0649357
v 0.0464341 0.419312 -0.260843
v -0.0163228 0.341669 -0.312656
v -0.03711 0.333374 -0.302828
v -0.0891391 0.13153 -0.0324937
v -0.0774423 0.153177 0.0210328
v 0.0727973 0.3051 -0.0373111
v 0.0575925 0.300246 -0.0223799
v -0.0466055 0.272146 -0.267051
v 0.0143515 0.275776 -0.22915
v 0.12357 0.481982 0.104603
v 0.048789 0.4683 -0.214841
v 0.014495 0.87299 0.145168
v -0.146424 0.110354 0.00228073
v -0.141846 0.1104 -0.0177159
v -0.141126 0.132752 0.0190641
v -0.070927 0.152792 0.00247381
v -0.0889167 0.110388 -0.0318748
v -0.0782532 0.131981 0.0209282
v -0.0926009 0.132616 0.0344374
v 0.0590321 0.296154 0.0201235
v 0.111093 0.347823 0.0501576
v 0.132627 0.37923 0.0396691
v 0.0889948 0.32 0.0452889
v 0.116557 0.443814 0.0953036
v 0.0116808 0.400727 -0.293507
v -0.14907 0.960434 -0.103777
v 0.0397919 0.897495 0.147358
v 0.094521 0.835991 0.138007
v -0.127301 0.110356 -0.0322125
v 0.0731483 0.296738 0.0354375
v -0.0094308 0.255895 -0.246089
v 0.101549 0.675224 -0.166607
v 0.0925264 0.469898 -0.139826
v -0.145491 0.0884059 0.00599329
v 0.138222 0.410688 0.0522524
v 0.107495 0.631186 -0.175487
v 0.0478992 0.869849 0.140436
v 0.140332 0.526134 0.116388
v -0.140164 0.110604 0.0208117
v -0.0712089 0.131663 0.00257342
v 0.0578728 0.275915 -0.000839045
v 0.0625803 0.275335 0.0200926
v 0.0775875 0.275593 0.0366396
v 0.0637149 0.277011 -0.0217488
v 0.0138055 0.256969 -0.246586
v 0.094652 0.299001 0.0443797
v 0.0723599 0.450426 -0.185045
v 0.0103125 0.370772 -0.30535
v -0.218928 1.01238 0.0191729
v -0.0346588 0.311959 -0.319016
v -0.10787 0.110616 -0.0372126
v -0.092924 0.11139 0.033982
v 0.0948749 0.307552 -0.0449488
v 0.0354946 0.283493 -0.237445
v 0.114875 0.324974 0.0434033
v 0.0453313 0.392232 -0.283612
v 0.00991661 0.342658 -0.312609
v -0.139501 0.0673408 -0.0119231
v -0.12821 0.0891472 -0.0310251
v -0.109934 0.111534 0.0367644
v -0.0718105 0.110542 0.00304058
v -0.0896098 0.0896117 -0.0301938
v 0.0609148 0.313049 -0.231387
v -0.00878759 0.236834 -0.26268
v -0.0528548 0.266884 -0.302218
v -0.0464204 0.252707 -0.284051
v 0.119425 0.301806 0.0410755
v 0.0494985 0.875184 -0.156541
v 0.134125 0.830065 0.112892
v 0.0105826 0.299287 -0.344757
v -0.132998 0.0675585 0.0388348
v -0.124899 0.0903824 0.034655
v -0.0947595 0.0914982 0.0337688
v 0.0785065 0.279497 -0.03783
v 0.100702 0.281623 -0.0451684
v 0.0687257 0.333427 -0.208375
v 0.132345 0.353085 0.0312861
v 0.154458 0.484896 0.0659858
v 0.0159817 0.912807 0.174944
v -0.142419 0.048739 -0.0122646
v -0.137993 0.0887181 0.0248937
v -0.1096 0.0915912 0.0380882
v -0.108714 0.089543 -0.0362822
v -0.0783939 0.110986 0.0222608
v 0.121122 0.309162 -0.0414594
v 0.0768946 0.421884 -0.155339
v 0.0995732 0.276631 0.0444853
v -0.176026 1.00525 -0.105537
v -0.0202899 0.910925 0.199219
v -0.123176 0.0740684 0.0417087
v -0.0765747 0.0895109 -0.0145833
v -0.0851571 0.0746794 0.0303379
v 0.0600723 0.25231 -0.000480014
v 0.0647651 0.252381 0.0212061
v 0.0817894 0.254387 -0.0386782
v 0.10777 0.386371 -0.0823115
v 0.07775 0.424924 -0.13144
v 0.077204 0.40281 -0.183983
v 0.0137945 0.237525 -0.263247
v -0.0302222 0.221497 -0.285754
v -0.0343602 0.292707 -0.336486
v -0.0525239 0.245782 -0.318295
v 0.172907 0.527811 0.0728339
v -0.127933 1.00695 -0.154808
v 0.0540219 0.919027 -0.134364
v -0.176445 0.959985 0.195753
v 0.0338396 0.923994 0.186869
v 0.144821 0.673678 0.113215
v -0.0140438 0.31941 -0.327734
v -0.110044 0.0757306 0.0406054
v -0.127454 0.0688328 -0.0286167
v -0.0924753 0.0695297 -0.0280077
v -0.109585 0.0696189 -0.0339366
v -0.0741019 0.0899762 0.00568235
v 0.0704504 0.2297 0.0195775
v 0.0653882 0.252839 -0.0226839
v 0.0779675 0.379466 -0.210074
v 0.0343571 0.263713 -0.254239
v 0.123316 0.278461 0.0402666
v 0.0922358 0.872193 -0.141254
v 0.0933397 0.424895 -0.11346
v -0.032366 0.928347 0.244918
v 0.140797 0.78193 0.119505
v 0.0331199 0.33766 -0.305567
v 0.0399737 0.364818 -0.297439
v -0.0773323 0.0694416 0.00815221
v 0.104267 0.255953 -0.0448862
v 0.117977 0.356678 -0.0457236
v 0.0761219 0.355428 -0.233655
v -0.00845645 0.216916 -0.277554
v -0.04652 0.231806 -0.299971
v 0.14326 0.355405 0.00527695
v 0.13609 0.328788 0.0273147
v 0.141184 0.447784 0.0594315
v -0.0217011 0.902762 0.213377
v 0.0800834 0.896885 0.129272
v 0.152349 0.576556 0.121238
v -0.109188 0.0676315 0.0548604
v 0.12497 0.282843 -0.0401331
v 0.0661609 0.332546 -0.254168
v 0.049816 0.295932 -0.252419
v 0.134812 0.705889 -0.13322
v -0.0429124 0.981052 0.233852
v -0.0323267 0.911644 0.229946
v -0.148954 0.0469785 0.00832922
v -0.0921127 0.0518074 -0.0308597
v -0.0795767 0.0693657 -0.013028
v 0.0734713 0.207977 0.0187864
v 0.0811854 0.252562 0.0366453
v 0.139864 0.418574 -0.053761
v -0.0342458 0.271694 -0.352441
v -0.0463217 0.238904 -0.352273
v 0.102607 0.253451 0.0436997
v 0.138865 0.304996 0.0248814
v -0.1337 0.982081 0.207578
v -0.0296605 0.953584 0.244841
v -0.00139153 0.896952 0.214068
v -0.0132629 0.298892 -0.344393
v -0.141154 0.0327503 -0.0146399
v -0.128633 0.0511127 -0.0311628
v 0.0658952 0.229416 -0.000309861
v 0.0344409 0.223811 -0.287386
v 0.149447 0.414195 0.0166159
v 0.140408 0.280938 0.0231704
v 0.0700599 0.402919 -0.238896
v 0.0196279 0.900044 0.214449
v -0.189205 1.03672 0.155121
v 0.0413898 0.939919 0.196189
v 0.0324246 0.293621 -0.336982
v 0.141842 0.283326 -0.0227967
v 0.105181 0.459171 -0.120838
v 0.0527563 0.289911 -0.287297
v 0.0146016 0.217535 -0.278916
v -0.0516475 0.225175 -0.333895
v -0.044247 0.212017 -0.315878
v 0.192478 0.532435 0.0222049
v 0.145425 0.331562 0.00271022
v 0.124524 0.232004 0.0356242
v 0.0320339 0.914832 0.217134
v -0.153189 0.0460461 0.0313159
v -0.0788675 0.0505514 -0.0142644
v -0.110176 0.0377344 -0.041553
v -0.128867 0.0361781 -0.0343809
v -0.0725558 0.0531402 0.0547469
v -0.0668195 0.0454138 0.0301803
v -0.0717977 0.0482685 0.00766093
v 0.0711187 0.229642 -0.0198949
v 0.139374 0.332552 -0.0233073
v 0.130293 0.454517 -0.0891963
v -0.012753 0.278032 -0.36094
v -0.0286726 0.202794 -0.30263
v 0.128589 0.866248 -0.117527
v 0.0993925 0.921196 -0.111062
v 0.0678487 0.376857 -0.260524
v 0.0594137 0.350713 -0.277753
v 0.00351678 1.02069 -0.201972
v 0.0715541 0.976616 -0.169107
v 0.0261127 0.940551 0.209823
v 0.000391552 0.892919 0.236337
v -0.0280853 0.911087 0.252351
v 0.0875373 0.937927 0.174474
v -0.154189 0.0441127 0.0560701
v -0.141801 0.0572505 0.0564011
v -0.0912851 0.0379116 -0.0354979
v -0.121146 0.0255336 -0.0307843
v -0.0644233 0.0401035 0.0551722
v 0.0737806 0.207561 -0.0192425
v 0.106222 0.231879 -0.0413193
v 0.0490959 0.326157 -0.290169
v 0.0553692 0.311226 -0.271347
v 0.142996 0.382287 0.0108001
v 0.143264 0.25686 0.0234317
v 0.154601 0.452461 0.0191992
v 0.149157 0.630921 -0.142565
v -0.179596 1.01266 0.201268
v 0.0333182 0.927706 0.23893
v 0.0326225 0.91056 0.238492
v 0.0198909 0.896841 0.237275
v -0.0152619 0.898825 0.258763
v -0.14728 0.0301313 0.00559841
v -0.0967472 0.027401 -0.032804
v 0.0687002 0.207567 -0.000208062
v 0.146713 0.307803 0.00121994
v 0.147597 0.282641 0.000605081
v 0.127036 0.257692 -0.0394499
v -0.00722657 0.198016 -0.29588
v -0.0122596 0.256096 -0.375513
v -0.0326573 0.24993 -0.36741
v -0.0425008 0.20695 -0.347488
v -0.0386308 0.217731 -0.363277
v -0.0361275 0.196132 -0.332318
v 0.165332 0.745406 -0.110353
v -0.0159828 0.91318 0.293157
v -0.0238165 0.919664 0.286233
v 0.0470173 0.303954 -0.305538
v 0.0476871 0.282937 -0.322371
v -0.152795 0.0288611 0.0541784
v -0.145875 0.0535006 0.0790189
v -0.079801 0.0347575 -0.016152
v -0.0685589 0.0263429 0.0535735
v -0.0726422 0.0306286 0.00621711
v 0.0692712 0.185351 -0.000245666
v 0.0876279 0.208201 -0.0328978
v 0.149432 0.416535 -0.018861
v 0.126638 0.233499 -0.0358191
v 0.0484518 0.234391 -0.301746
v 0.0530748 0.268945 -0.303821
v 0.0872034 0.208674 0.0331306
v -0.132513 1.00961 0.20991
v -0.168522 1.03952 0.193719
v 0.00214931 0.893061 0.262556
v -0.0329051 0.949758 0.267219
v -0.190405 1.06852 0.15034
v 0.0111997 0.278485 -0.361644
v -0.154946 0.0416571 0.079577
v -0.0691238 0.0284442 0.0293231
v 0.125276 0.210371 -0.0326674
v 0.106707 0.208878 -0.0386422
v -0.0269226 0.226767 -0.375441
v 0.125661 0.187506 0.0329948
v 0.124349 0.209998 0.0328659
v 0.173573 0.489142 0.0206892
v 0.179369 0.635539 -0.0990023
v -0.152637 0.0290712 0.0793015
v -0.129025 0.0586534 0.102234
v -0.0899347 0.0230818 -0.0162716
v -0.0707747 0.0500521 0.0813376
v 0.0744594 0.185475 -0.0192313
v 0.0330684 0.204671 -0.304087
v 0.011197 0.257341 -0.377015
v -0.0229411 0.187942 -0.320553
v -0.00633282 0.184425 -0.315296
v 0.0880854 0.186139 0.0328966
v 0.140462 0.23331 0.0214128
v 0.149433 0.258247 0.000253356
v 0.137049 0.788644 -0.141827
v -0.0295481 0.933977 0.279142
v 0.164928 0.700847 0.0714602
v 0.0261426 0.95768 0.225944
v -0.14289 0.0512606 0.101494
v -0.10866 0.0615769 0.100565
v -0.0645553 0.0379095 0.0819891
v 0.0882628 0.185744 -0.0328508
v 0.0139998 0.198673 -0.296435
v 0.126661 0.164713 0.0323135
v -0.205772 1.10596 -0.0833433
v 0.15214 0.934643 0.123491
v 0.0325187 0.27238 -0.353361
v -0.0701511 0.0256937 0.0792396
v 0.0695988 0.163352 -0.000345256
v 0.143274 0.258452 -0.0226278
v 0.0463288 0.21481 -0.318004
v 0.0273766 0.190286 -0.3223
v 0.010167 0.171802 -0.331935
v 0.00746152 0.232489 -0.381835
v -0.0101326 0.232103 -0.38161
v -0.0229978 0.206311 -0.38095
v -0.0347573 0.189879 -0.358269
v 0.146769 0.234215 0.000605039
v 0.138673 0.210608 0.0192122
v 0.162836 0.709308 -0.0983778
v 0.156296 0.826408 -0.112854
v 0.124122 0.907366 -0.0812224
v 0.0318562 0.931493 0.252107
v 0.0285978 0.915414 0.25836
v 0.0193333 0.900276 0.262094
v 0.187697 0.730646 0.0403475
v -0.13562 0.0193978 0.100955
v -0.0844546 0.0167747 0.0284676
v 0.0744583 0.163256 0.0190503
v 0.0891764 0.163773 -0.0330506
v 0.141897 0.234359 -0.0203822
v 0.125818 0.187225 -0.0330908
v 0.0251099 0.227524 -0.375625
v -0.0311033 0.198719 -0.370514
v -0.0284208 0.181214 -0.346373
v 0.0530448 0.247949 -0.320073
v 0.140177 0.187932 0.0192928
v 0.161556 0.787287 -0.118095
v 0.130906 0.920142 -0.076786
v -0.181024 1.12828 0.155471
v 0.0312774 0.250339 -0.368135
v 0.0473495 0.261603 -0.338533
v -0.149216 0.0401439 0.103067
v -0.083332 0.0480932 0.128148
v -0.0747233 0.049486 0.105189
v -0.0755815 0.0255741 0.103272
v 0.139083 0.211015 -0.0187053
v 0.00593287 0.211491 -0.38794
v -0.00973812 0.210928 -0.387148
v -0.032818 0.172003 -0.367861
v 0.0885922 0.163575 0.0327825
v 0.144239 0.211034 0.000396515
v 0.191571 0.754773 -0.0875915
v 0.175387 0.787076 -0.105801
v 0.187131 0.787793 -0.0973441
v 0.171001 0.535148 -0.0975085
v 0.0268486 0.925478 0.286106
v -0.112472 0.0112768 0.052445
v -0.10925 0.0118201 0.0287798
v -0.108998 0.0583592 0.121523
v -0.123627 0.0556744 0.124954
v 0.126095 0.164644 -0.0322732
v 0.107625 0.16397 -0.0381094
v 0.0375902 0.199055 -0.335266
v 0.0112674 0.185058 -0.315939
v -0.0314167 0.181019 -0.380327
v -0.0177575 0.157488 -0.34753
v -0.028225 0.163653 -0.356243
v -0.0325393 0.154602 -0.377992
v -0.0184888 0.174094 -0.336348
v 0.140826 0.165115 0.0186859
v 0.145105 0.188933 0.000115961
v 0.169023 0.825718 -0.10276
v 0.18151 0.825276 -0.0944058
v 0.00145593 0.926204 0.303892
v -0.00158085 0.943329 0.30987
v -0.00840704 0.962789 0.308551
v -0.215985 1.16067 -0.00461992
v -0.143381 0.0388321 0.127607
v -0.0871746 0.0160135 0.0782497
v 0.0759117 0.141636 0.018787
v 0.140409 0.187923 -0.0191803
v -0.0316921 0.163628 -0.390335
v -0.0236323 0.188706 -0.390971
v 0.0893902 0.141376 0.0326224
v 0.203776 0.549175 -0.0239056
v 0.201151 0.790551 -0.096977
v 0.00397296 0.904308 0.292571
v 0.0707973 0.141842 -0.000175535
v 0.0105242 0.155628 -0.344263
v 0.00512936 0.19442 -0.399117
v -0.0237297 0.171541 -0.401124
v -0.0108298 0.193362 -0.397458
v -0.0109209 0.176326 -0.407617
v -0.0174789 0.141205 -0.358773
v -0.0272874 0.146898 -0.36708
v 0.0509668 0.227088 -0.335386
v 0.141316 0.142548 0.0183182
v 0.140001 0.906488 -0.053708
v 0.0926322 1.01386 0.219629
v -0.11553 0.0170097 0.116581
v -0.137325 0.0281559 0.126208
v -0.0978697 0.0476718 0.143716
v 0.0717348 0.119981 0.000328472
v 0.0902913 0.142544 -0.0332326
v 0.140378 0.165114 -0.0189246
v 0.0314684 0.183404 -0.349093
v 0.0240192 0.175978 -0.338273
v 0.0196056 0.190983 -0.394593
v -0.0039981 0.1553 -0.344223
v 0.0450729 0.239874 -0.353856
v 0.108799 0.14142 0.0370757
v 0.127483 0.142273 0.0315898
v 0.180311 0.721207 -0.0798944
v 0.177443 0.851063 0.0309159
v 0.149975 0.941547 0.187557
v -0.127905 0.0214107 0.121997
v -0.109508 0.0528238 0.138148
v -0.0846333 0.0264318 0.126859
v -0.078747 0.0369791 0.128792
v 0.0771877 0.119323 0.0193105
v 0.141365 0.142844 -0.0187468
v 0.126594 0.142623 -0.0325345
v 0.172888 0.49588 -0.0518626
v 0.0368679 0.219136 -0.36398
v -0.0171647 0.125668 -0.370747
v 0.145929 0.165259 -0.000146673
v 0.241019 0.802061 -0.0943531
v 0.206752 0.75769 -0.0904802
v -0.114397 0.0140388 0.0985109
v -0.0983811 0.0195486 0.122559
v -0.121516 0.0468475 0.144219
v -0.113986 0.0120674 0.0760601
v 0.0769885 0.120529 -0.0190353
v 0.110411 0.0997024 -0.0377422
v 0.0413346 0.208607 -0.34897
v 0.0308792 0.166956 -0.361167
v -0.031214 0.137532 -0.388845
v 0.090844 0.118778 0.0324239
v 0.214768 0.828817 -0.0988289
v -0.100328 1.15134 -0.178604
v -0.112359 0.0228374 0.136426
v -0.127335 0.0378699 0.146071
v -0.113743 0.0420696 0.154299
v 0.108934 0.121513 -0.038298
v 0.0230849 0.160287 -0.351072
v 0.0324602 0.175259 -0.372947
v 0.0315678 0.151452 -0.372095
v -0.031686 0.146068 -0.400399
v -0.0248709 0.155096 -0.411757
v -0.00369257 0.13912 -0.354836
v 0.109676 0.118578 0.0367468
v 0.12827 0.11882 0.0315937
v 0.146041 0.142647 -0.000259806
v 0.229572 0.761875 -0.0950658
v 0.192979 0.826389 -0.0949066
v 0.203873 0.827603 -0.0968677
v -0.0781253 1.21931 -0.149908
v 0.046407 1.13476 -0.200251
v 0.0329346 1.01728 0.290647
v -0.11169 0.0395722 0.155345
v -0.109637 0.0370747 0.15639
v 0.0724349 0.0982958 0.0010244
v 0.0775674 0.0990286 -0.018901
v 0.127575 0.121119 -0.0316897
v 0.0287699 0.183709 -0.384521
v 0.0281616 0.167109 -0.395374
v 0.0046698 0.177783 -0.409635
v 0.0195726 0.174145 -0.40539
v -0.0154938 0.112442 -0.386304
v 0.0105501 0.140581 -0.3565
v 0.1112 0.0958888 0.0372142
v 0.141757 0.119204 0.0185544
v 0.187157 0.813577 0.0454797
v 0.135579 1.00893 0.211685
v 0.0551737 1.01588 0.247152
v 0.216087 0.62405 0.00971509
v -0.0990811 0.0278891 0.14412
v 0.0781596 0.0973097 0.0202425
v 0.0928285 0.0962948 0.0325607
v 0.141401 0.120758 -0.0180917
v 0.0318127 0.159479 -0.384034
v -0.0261842 0.121124 -0.399378
v -0.0220115 0.115731 -0.391576
v 0.0231994 0.144567 -0.36205
v 0.142536 0.0978155 0.0190477
v 0.129457 0.095765 0.0315528
v 0.146969 0.120258 0.000223746
v 0.192729 0.542811 -0.053278
v 0.169946 0.872028 -0.0419616
v 0.0606121 1.08122 -0.203007
v -0.0506051 1.0692 0.252564
v -0.0205785 1.04567 0.300682
v 0.196661 0.725802 0.0168489
v 0.15699 0.97096 0.212414
v 0.0799457 0.0791938 -0.0176631
v 0.128506 0.0993458 -0.0322754
v 0.0299848 0.136041 -0.383142
v 0.029986 0.149904 -0.406831
v 0.0321104 0.142924 -0.394784
v -0.0113935 0.16044 -0.419144
v 0.216283 0.692814 -0.0710729
v 0.210155 0.867115 -0.0623997
v 0.158038 0.887241 -0.0307565
v 0.196231 0.642194 -0.0618011
v -0.142661 1.12823 0.196512
v -0.190975 1.17975 0.107394
v 0.193311 0.695823 0.00500487
v 0.202972 0.829313 0.0122172
v 0.0939415 0.0720467 0.0397776
v 0.0916348 0.0995826 -0.0328317
v 0.0200324 0.157438 -0.416166
v 0.00539795 0.161782 -0.42071
v -0.00404795 0.112371 -0.380707
v -0.00648439 0.109632 -0.393334
v -0.00380272 0.123709 -0.366442
v 0.0111025 0.125299 -0.367174
v 0.152892 0.902197 -0.0195108
v 0.202813 0.595588 -0.0557869
v -0.0316244 1.16582 -0.193568
v 0.134129 1.03433 -0.160565
v 0.201724 0.768044 0.0271692
v 0.197191 0.85234 -0.00315586
v 0.165196 0.88017 -0.00162834
v 0.18718 0.973709 0.0968095
v 0.0796407 0.0770877 0.0206885
v 0.0933732 0.0795958 -0.0315217
v 0.127846 0.0784828 -0.029249
v 0.141453 0.0985789 -0.0175958
v -0.00998204 0.143425 -0.425194
v -0.0266752 0.128381 -0.408901
v 0.0229587 0.129782 -0.373351
v 0.137938 0.0656618 0.0315006
v 0.241196 0.837831 -0.0873305
v 0.158714 0.917913 -0.00565274
v -0.117626 1.23511 -0.107436
v 0.201709 0.666505 0.00271204
v 0.209029 0.800091 0.0168293
v 0.217067 0.827224 0.0094331
v 0.187381 0.85524 -0.00109431
v 0.112892 1.12822 0.2159
v 0.239834 0.633013 0.0456528
v 0.074681 0.0781671 0.00171047
v 0.110885 0.0793595 -0.0348428
v -0.007414 0.127388 -0.424741
v 0.00588021 0.143226 -0.426598
v -0.0107203 0.11082 -0.40321
v 0.00698709 0.109916 -0.393472
v 0.145262 0.0981868 0.000344135
v 0.190049 0.863914 -0.0249893
v 0.126784 1.09153 -0.173369
v -0.0910174 1.11956 0.229382
v -0.0442884 1.11026 0.250787
v 0.0283276 0.121876 -0.395755
v 0.232174 0.532271 -0.0203851
v 0.220075 0.608991 -0.0366741
v 0.209952 0.853666 -0.00684546
v 0.217053 0.869871 -0.0377393
v -0.0171555 1.07989 0.286867
v 0.0297829 1.05189 0.292367
v 0.202107 0.983889 0.0633599
v 0.115388 0.0681284 0.0499188
v 0.139885 0.0772628 -0.0164599
v 0.0188851 0.138866 -0.421051
v -0.0112775 0.121102 -0.418913
v 0.00256093 0.114636 -0.416639
v 0.00477148 0.110614 -0.403526
v 0.00366621 0.112625 -0.410082
v 0.0211009 0.116776 -0.385701
v 0.273963 0.779163 -0.0764048
v 0.259022 0.81038 -0.0816277
v 0.254201 0.770237 -0.0911254
v 0.230592 0.86258 -0.0672837
v -0.0686549 1.1698 0.222909
v 0.0769488 0.0586056 0.0354529
v -0.0132332 0.115287 -0.412328
v 0.00470568 0.126493 -0.42329
v 0.018099 0.118015 -0.409766
v 0.14106 0.0729539 0.0174888
v 0.241367 0.460373 -0.0206046
v 0.22515 0.855663 -0.0103836
v 0.178854 0.941543 0.00585525
v 0.094424 0.0651879 0.0508401
v 0.0761591 0.0609754 0.000604945
v 0.06915 0.0448636 0.0163231
v 0.111471 0.0613608 -0.0346133
v 0.0261676 0.133038 -0.411883
v 0.013643 0.122304 -0.417463
v 0.0178984 0.114687 -0.39937
v 0.146856 0.0534701 0.0168781
v 0.173168 0.986362 -0.0967336
v 0.0658729 0.0439822 0.0511869
v 0.115864 0.0637956 0.0650102
v 0.0736244 0.0447676 -0.00191913
v 0.095477 0.0618789 -0.0304542
v 0.081624 0.0461476 -0.0202483
v 0.0281681 0.127307 -0.403229
v 0.136192 0.0611273 0.0484494
v 0.286153 0.748509 -0.0772962
v 0.249848 0.856631 -0.0298203
v 0.237743 0.856512 -0.0197139
v 0.00799215 1.23147 -0.15715
v 0.236005 0.827672 0.00413864
v 0.191239 1.02623 0.161989
v 0.0836157 0.0337182 -0.022117
v 0.1266 0.0598995 -0.0281828
v 0.243082 0.565919 0.0564745
v 0.270849 0.817602 -0.0609703
v 0.234469 0.865976 -0.0446829
v 0.03139 1.18416 -0.184498
v -0.0105076 1.11241 0.265177
v 0.024948 1.08403 0.273618
v -0.182563 1.22042 0.0527904
v 0.256585 0.757976 0.0346116
v 0.254112 0.729654 0.0471854
v 0.210546 0.993173 0.014625
v 0.0585787 1.08195 0.245967
v 0.238673 0.664029 0.0362836
v 0.0661935 0.0445014 0.0337806
v 0.07496 0.0306528 -0.00387154
v 0.0952883 0.0474273 -0.0362365
v 0.249496 0.497292 0.057738
v 0.241433 0.59876 0.0542377
v 0.237425 0.604789 -0.0633947
v 0.236742 0.57773 -0.060543
v 0.237627 0.553735 -0.0616192
v 0.245294 0.490907 -0.066278
v 0.241558 0.525452 -0.0666526
v 0.252717 0.846587 -0.068527
v 0.201536 0.99282 -0.0412487
v 0.253191 0.827008 -0.00550515
v 0.172887 1.04066 0.190009
v 0.237183 0.693221 0.0284387
v 0.0671311 0.0299147 0.0324007
v 0.07105 0.0301365 0.0148544
v 0.117766 0.035035 -0.041668
v 0.137578 0.058011 -0.0155879
v 0.152312 0.047986 0.0670721
v 0.150554 0.0374882 0.0163501
v 0.14972 0.0513728 0.0326882
v 0.146974 0.0385768 -0.000549655
v 0.258023 0.600427 0.0795455
v 0.253285 0.668139 -0.0912789
v -0.159392 1.24854 -0.00298068
v -0.122403 1.27878 0.00357501
v 0.185669 1.04335 -0.110964
v -0.114489 1.18238 0.193504
v 0.0109309 1.1617 0.239326
v 0.0751394 0.0549806 0.0679838
v 0.0933294 0.0610058 0.0830347
v 0.113825 0.0469695 -0.0403923
v 0.143093 0.0234634 0.0160541
v 0.25845 0.518462 -0.0943506
v 0.253903 0.636067 -0.094226
v -0.0359672 1.20732 -0.172543
v 0.0837288 1.20126 -0.159826
v 0.0652967 0.0432344 0.0698777
v 0.0762858 0.0535938 0.0857086
v 0.0788142 0.0192916 0.0334847
v 0.140598 0.0403772 -0.0175726
v 0.253696 0.851803 -0.0478783
v 0.246169 0.700063 -0.0892525
v 0.273001 0.768354 0.0420192
v 0.301517 0.771209 0.0211772
v 0.216691 1.02736 0.0783022
v 0.1167 0.0624836 0.0820052
v 0.138444 0.0572495 0.0833182
v 0.106648 0.0306123 -0.0391456
v 0.117977 0.0204723 -0.0193814
v 0.109964 0.02467 -0.0299215
v 0.124765 0.0156139 0.0167999
v 0.267326 0.496146 0.0770866
v 0.254358 0.46572 0.0540762
v 0.255007 0.550973 -0.0959088
v 0.253349 0.578951 -0.0956584
v 0.217667 1.05017 -0.0474675
v 0.0673378 0.0423771 0.0886232
v 0.0789603 0.0527097 0.103359
v 0.0993543 0.0121202 0.0521808
v 0.146065 0.022442 0.033367
v 0.280337 0.601284 0.0912261
v 0.309416 0.760513 -0.0249704
v 0.298807 0.784166 -0.030356
v 0.271518 0.821928 -0.0384411
v 0.279252 0.68097 -0.101642
v -0.156762 1.18558 0.154226
v 0.252694 0.699739 0.0575229
v 0.280029 0.800172 3.11804e-05
v 0.196756 1.04139 0.136411
v 0.0667955 0.0295855 0.0711379
v 0.0687926 0.0301205 0.0905637
v 0.0828004 0.0513146 0.119684
v 0.116029 0.0610241 0.0981677
v 0.136412 0.0558704 0.100353
v 0.151788 0.0466005 0.0855767
v 0.136074 0.0258888 -0.0146128
v 0.126202 0.0141273 0.0334959
v 0.272427 0.46698 0.0710602
v 0.255352 0.63491 0.074027
v 0.253645 0.607315 -0.0954015
v 0.262574 0.482478 -0.0893842
v 0.260762 0.437799 0.049933
v 0.278421 0.643672 -0.107345
v 0.0300393 1.1211 0.257688
v 0.227834 1.04989 0.0277328
v 0.110012 1.18032 0.199152
v 0.158685 1.12015 0.184216
v 0.120894 0.0185231 -0.00886351
v 0.123811 0.0165738 0.00165435
v 0.291252 0.498438 0.078765
v 0.259793 0.563823 0.0820881
v 0.265405 0.825006 -0.0197171
v 0.272185 0.705204 0.0734534
v 0.307209 0.766142 -8.63692e-05
v 0.229619 1.09417 0.0487274
v 0.0988078 0.012719 0.0705209
v 0.0724953 0.0424687 0.106515
v 0.0940365 0.0575622 0.113998
v 0.0947218 0.0593193 0.0999288
v 0.115451 0.0597382 0.111283
v 0.147369 0.045644 0.103482
v 0.101843 0.0163432 -0.000330722
v 0.145675 0.0216278 0.0708789
v 0.283946 0.560368 0.0889898
v 0.282461 0.517618 -0.105738
v 0.280772 0.549363 -0.108817
v 0.250258 0.433013 0.0229496
v 0.314225 0.693027 -0.0657362
v 0.29058 0.794844 -0.0139618
v 0.100094 0.0123888 0.0335209
v -0.10847 1.27658 -0.0423034
v 0.12696 1.21698 -0.118133
v -0.142466 1.26205 0.0466532
v 0.293339 0.741392 0.0560277
v 0.0744742 0.0310737 0.108631
v 0.0774814 0.0422273 0.123499
v 0.0983509 0.0548898 0.127908
v 0.111137 0.0558191 0.131273
v 0.134113 0.0546417 0.115693
v 0.124434 0.0137273 0.0699061
v 0.247833 0.426323 -0.0156093
v 0.315675 0.729713 -0.0286226
v -0.118988 1.23812 0.142987
v 0.193937 1.10073 0.144271
v 0.113571 0.0576762 0.121806
v 0.259679 0.407633 0.0215174
v 0.27256 0.414749 0.0447488
v 0.293407 0.422772 0.0512731
v 0.0338037 1.16237 0.23618
v -0.0323935 1.26873 0.153148
v 0.0827735 0.0219798 0.109039
v 0.128685 0.0522346 0.129591
v 0.126042 0.0133338 0.0515278
v 0.273942 0.672345 0.0818076
v 0.318686 0.633311 0.051145
v 0.30585 0.489694 -0.0825699
v 0.304542 0.553056 -0.0967075
v 0.26907 0.421571 -0.0674154
v 0.257571 0.400538 -0.00673273
v -0.0506778 1.24501 -0.135761
v -0.111541 1.27261 0.0844063
v 0.294882 0.70609 0.0696801
v 0.0870629 0.0244966 0.125538
v 0.101094 0.0457187 0.146995
v 0.305419 0.588797 -0.0971258
v 0.286657 0.452644 -0.0853545
v 0.310689 0.705586 0.0475618
v 0.306861 0.739372 0.0381882
v 0.105194 0.051409 0.14049
v 0.303622 0.599362 0.0799787
v -0.073319 1.29703 -0.0198099
v -0.0740617 1.27651 0.120718
v 0.0980356 0.0167615 0.107324
v 0.0957554 0.0266598 0.139176
v 0.0899256 0.0488353 0.134106
v 0.102713 0.0331835 0.150623
v 0.121613 0.0499743 0.141095
v 0.132495 0.0233118 0.123936
v 0.315115 0.669429 0.0519894
v 0.291033 0.424258 -0.0694585
v 0.262671 0.396208 -0.0322888
v 0.111133 0.0216502 0.135973
v 0.0997642 0.0197063 0.12379
v 0.10337 0.0238137 0.137534
v 0.113542 0.0446508 0.151328
v 0.125246 0.040315 0.147115
v 0.132976 0.0321162 0.13808
v 0.116559 0.0188767 0.12262
v 0.271471 0.381508 0.00177375
v -0.0990257 1.28883 0.0258203
v 0.111568 0.0255095 0.142583
v 0.112003 0.0293687 0.149194
v 0.104605 0.0283142 0.146677
v 0.123453 0.0249279 0.136855
v 0.309738 0.529467 0.0664176
v 0.322862 0.694198 -0.0298797
v -0.0464484 1.2896 -0.0697056
v 0.161015 1.17548 0.157658
v 0.121472 0.0307951 0.147264
v 0.274901 0.386711 0.0227765
v 0.287547 0.39427 0.0384485
v 0.04927 1.24979 -0.131793
v 0.114647 0.0355768 0.154068
v 0.326561 0.561605 0.0383765
v 0.276423 0.378478 -0.0172365
v 0.289561 0.381266 -0.0291988
v 0.201807 1.15467 0.107583
v 0.306313 0.401401 0.0499673
v 0.315326 0.736211 0.00802767
v 0.320896 0.700093 0.0107372
v 0.326054 0.624446 -0.0677301
v 0.00562906 1.19497 0.223361
v 0.291699 0.361229 -0.00549819
v 0.30021 0.372713 0.0441593
v 0.327491 0.66288 0.00866528
v 0.0790818 1.26556 -0.0951412
v 0.29114 0.366971 0.027872
v 0.339079 0.386108 0.0581166
v -0.0310416 1.30114 0.0859754
v 0.328603 0.406352 0.0550558
v 0.341752 0.505159 0.0319095
v 0.322651 0.596753 0.0456234
v 0.328331 0.528678 -0.0582934
v -0.0373133 1.30758 0.00933518
v 0.342641 0.432144 0.0485261
v 0.349322 0.481104 0.0316588
v 0.309285 0.386493 -0.0325864
v 0.328625 0.561362 -0.0626019
v 0.0740047 1.28849 -0.0565238
v 0.288002 0.36301 0.0106299
v 0.304433 0.362104 -0.0180431
v 0.329862 0.362014 0.0581027
v 0.343619 0.350113 0.0552669
v 0.352359 0.534263 0.0036397
v 0.312413 0.434351 -0.0529086
v -0.0145177 1.30426 -0.0403175
v 0.154964 1.23188 -0.0660819
v 0.32995 0.496966 -0.052384
v 0.335897 0.469411 -0.0450678
v 0.29955 0.341583 0.0178585
v 0.312833 0.353029 0.049397
v 0.35142 0.409304 0.0489286
v 0.339048 0.627926 0.00462856
v 0.352663 0.595656 -0.034754
v -0.0693028 1.29769 0.0523516
v 0.351806 0.533052 -0.0286619
v 0.350093 0.563506 -0.0313278
v 0.156593 1.25108 -0.00812199
v 0.0575587 1.26495 0.1494
v 0.140749 1.22836 0.129987
v 0.367232 0.40913 0.034296
v 0.304656 0.340927 0.00229494
v 0.334038 0.391101 -0.0345703
v 0.363364 0.36244 0.0466559
v 0.367414 0.45695 0.00783417
v 0.34774 0.595494 0.00357307
v 0.349758 0.563045 0.0031865
v 0.357488 0.506841 0.00464415
v 0.302443 0.346064 0.0353844
v 0.344049 0.368103 -0.0295392
v 0.35079 0.366678 0.0561623
v 0.35583 0.503933 -0.0257539
v 0.341694 0.444277 -0.0385627
v 0.349624 0.420588 -0.033057
v 0.357459 0.396925 -0.026481
v 0.328928 0.338344 0.0473912
v 0.0113994 1.29072 0.119038
v 0.358726 0.477412 -0.0230121
v 0.319963 0.32658 0.0111299
v 0.364163 0.373003 -0.0194063
v 0.037124 1.29771 -0.0519969
v 0.182388 1.21344 0.0757247
v 0.36215 0.481755 0.00595866
v 0.319795 0.331133 0.0369326
v 0.341404 0.327442 0.042443
v 0.351505 0.345013 0.0479771
v 0.359559 0.386852 0.0497586
v 0.204876 1.18927 0.00960162
v 0.373123 0.38449 0.0351541
v 0.378912 0.380561 0.018115
v 0.363388 0.452167 -0.0186798
v 0.331986 0.342681 -0.0190646
v 0.317651 0.327658 0.0241872
v 0.00422385 1.31087 0.0411987
v 0.0508046 1.3001 0.0745902
v 0.372396 0.402389 -0.00836247
v 0.364395 0.336674 0.0278296
v 0.359532 0.340764 0.0398247
v 0.373234 0.357741 0.0347632
v 0.366536 0.427209 -0.0138509
v 0.350669 0.345716 -0.0177323
v 0.327691 0.327044 -0.000100809
v 0.330258 0.318354 0.017756
v 0.331027 0.311162 0.0384392
v 0.363287 0.314303 0.0263364
v 0.356 0.323771 0.00664048
v 0.374876 0.347561 0.0103518
v 0.360055 0.324052 0.0191836
v 0.37676 0.376987 -0.00183975
v 0.366605 0.348089 -0.00736
v 0.37552 0.352699 0.0226082
v 0.353602 0.330332 -0.00107077
v 0.364883 0.334973 0.0110805
v 0.347163 0.312116 0.0482044
v 0.316627 0.294351 0.0256039
v 0.351624 0.302207 0.00164748
v 0.359791 0.314178 0.0143792
v 0.353453 0.286623 -0.0106736
v 0.325786 0.287252 0.0815854
v 0.360039 0.29924 0.0657216
v 0.305483 0.289118 0.0379475
v 0.33858 0.301221 0.00380364
v 0.374733 0.294621 0.0591379
v 0.308167 0.280129 0.0202397
v 0.286258 0.296766 0.0690316
v 0.339275 0.283884 0.0840439
v 0.343907 0.301219 0.0672942
v 0.387425 0.284445 0.0469796
v 0.293076 0.294996 0.050182
v 0.315605 0.269643 -0.000887441
v 0.312866 0.256148 -0.00187012
v 0.298945 0.297625 0.0765188
v 0.355506 0.278344 0.0869742
v 0.297479 0.279459 0.0344913
v 0.388354 0.262079 0.00150951
v 0.369794 0.271911 0.0824665
v 0.382401 0.265187 0.0759975
v 0.387738 0.260288 0.0680255
v 0.393074 0.25539 0.0600536
v 0.294033 0.26173 0.0363182
v 0.305049 0.246455 0.0193042
v 0.318336 0.269694 0.0880562
v 0.136823 1.26535 0.051611
v 0.286168 0.283188 0.0459677
v 0.272831 0.281465 0.0620353
v 0.307942 0.274637 0.0903229
v 0.278799 0.260471 0.0656168
v 0.330818 0.262546 0.0888263
v 0.282592 0.26832 0.0466595
v 0.285516 0.254946 0.0579975
v 0.351921 0.262319 -0.0206245
v 0.371974 0.260856 -0.0150823
v 0.312278 0.231815 0.0118647
v 0.290493 0.275673 0.0912765
v 0.298226 0.278165 0.0913477
v 0.308014 0.253767 0.0828925
v 0.290158 0.253362 0.0745385
v 0.347484 0.231941 -0.0172402
v 0.329181 0.238773 -0.0139461
v 0.281679 0.263242 0.0765687
v 0.319221 0.244065 0.0811892
v 0.293524 0.248159 0.0502098
v 0.287907 0.266262 0.0871363
v 0.345464 0.252433 0.0919968
v 0.372123 0.231347 0.0791413
v 0.30411 0.23768 0.0424522
v 0.377759 0.227935 -0.00335444
v 0.359906 0.240925 0.0899682
v 0.299151 0.245408 0.068777
v 0.327101 0.216504 0.0052246
v 0.389808 0.23261 0.0178974
v 0.314025 0.221104 0.035013
v 0.309429 0.235692 0.0637599
v 0.365717 0.229918 -0.0120408
v 0.335288 0.206747 0.0540011
v 0.320088 0.221015 0.0591484
v 0.357294 0.206206 0.06322
v 0.3296 0.206091 0.0295747
v 0.379668 0.220357 0.0603521
v 0.35623 0.202597 0.0480804
v 0.37792 0.211699 0.034631
v 0.348273 0.209313 0.00412344
v 0.352513 0.201118 0.0282866
v -0.342637 0.309948 0.00803889
v -0.364541 0.334374 0.0102146
v -0.323947 0.322235 0.024185
v -0.22004 0.59918 0.0109393
v -0.216055 0.55636 -0.0212771
v -0.205842 0.578559 -0.0440269
v -0.215583 0.634475 0.00928224
v -0.0712545 0.0369732 0.105054
v 0.222701 0.588391 0.0126659
v 0.32934 0.317103 0.029908
v 0.333443 0.320397 0.0392811
v 0.324403 0.304351 0.0320331
v 0.33602 0.319124 0.00868538
v 0.339821 0.310526 0.0106044
v -0.343376 0.203271 0.0510326
v -0.388336 0.266804 0.0636409
v -0.380466 0.241567 0.0746275
v -0.36371 0.221715 0.0775216
v -0.352907 0.237622 0.090663
v -0.294503 0.250354 0.0457351
v -0.342373 0.256714 -0.0198814
v -0.3744 0.297127 0.0130151
v -0.351174 0.285138 -0.0127513
v -0.309871 0.249188 0.00827942
v -0.322123 0.285356 0.0827566
v -0.303931 0.270915 0.0241539
v -0.29335 0.270141 0.0903863
v -0.34516 0.29963 0.0691656
v -0.322326 0.294782 0.073167
v -0.359275 0.325984 0.0259268
v -0.367899 0.339969 0.0246879
v -0.339594 0.32002 0.00537121
v -0.331258 0.329943 -0.00627235
v -0.278117 0.287086 0.0717983
v -0.283672 0.29504 0.0579254
v -0.317989 0.328382 0.00565379
v -0.346792 0.342137 0.0493797
v -0.374209 0.357064 0.00188679
v -0.374657 0.381105 -0.0056419
v -0.377861 0.385473 0.0178305
v -0.35967 0.376279 -0.0235134
v -0.353647 0.399579 -0.0288046
v -0.273146 0.41816 0.0467799
v -0.29393 0.403749 -0.0522718
v -0.340568 0.445913 -0.0395455
v -0.356445 0.461205 0.0303036
v -0.291887 0.425668 0.0528071
v -0.353641 0.506633 -0.0275915
v -0.357387 0.479496 -0.0246459
v -0.361678 0.484448 0.001937
v -0.331006 0.498963 -0.0535143
v -0.255184 0.446111 0.0453181
v -0.251298 0.417152 -0.000508571
v -0.272255 0.42808 -0.0734872
v -0.284678 0.477358 0.0748108
v -0.345587 0.511125 0.0255046
v -0.327887 0.529751 -0.0593285
v -0.335381 0.567246 0.0247795
v -0.300306 0.533671 0.0795875
v -0.314855 0.565663 0.0620995
v -0.351225 0.599033 -0.00604217
v -0.246282 0.534701 -0.0807853
v -0.266282 0.496115 -0.0960561
v -0.331444 0.599276 0.0278639
v -0.342353 0.626679 -0.041246
v -0.297751 0.595755 0.0851211
v -0.320743 0.626591 -0.0738277
v -0.326191 0.595385 -0.0704077
v -0.227165 0.541285 -0.00391199
v -0.262562 0.561236 -0.104661
v -0.301835 0.624038 -0.100237
v -0.342585 0.628665 -0.00611009
v -0.245254 0.562186 -0.0814285
v -0.211916 0.550078 -0.0112617
v -0.33068 0.658621 -0.00561957
v -0.275425 0.6287 0.0878168
v -0.261032 0.591558 -0.103876
v -0.280537 0.624789 -0.108475
v -0.214534 0.552843 0.00435956
v -0.242353 0.594186 0.0569689
v -0.232452 0.587264 0.0257923
v -0.298624 0.655161 -0.098599
v -0.241189 0.624765 0.0517901
v -0.215439 0.588208 -0.0369072
v -0.265323 0.70872 -0.0929107
v -0.253497 0.65909 0.0682418
v -0.323356 0.694064 -0.00318624
v -0.223397 0.673149 0.00875743
v -0.239409 0.645499 -0.074929
v -0.214745 0.650102 -0.051168
v -0.226215 0.646872 -0.0584807
v -0.229082 0.672705 -0.0733614
v -0.154786 0.586843 0.119267
v -0.168756 0.484058 0.0196627
v -0.194703 0.623109 -0.0715672
v -0.254541 0.737424 -0.0919217
v -0.168715 0.718252 0.0733562
v -0.1831 0.64491 0.0686197
v -0.156868 0.484358 0.0605224
v -0.13227 0.472691 -0.104953
v -0.179319 0.715353 -0.0761439
v -0.165935 0.745877 -0.109721
v -0.188577 0.722467 0.031773
v -0.234182 0.800656 -0.0972261
v -0.258955 0.771188 0.0289874
v -0.211869 0.789394 0.0178154
v -0.164601 0.674611 -0.105714
v -0.173257 0.622641 -0.113073
v -0.194424 0.792675 -0.0968848
v -0.191757 0.796109 0.04155
v -0.212574 0.795687 -0.0984153
v -0.134706 0.741561 -0.140692
v -0.120654 0.441398 0.0906965
v -0.136416 0.829321 -0.132631
v -0.180093 0.840165 0.0400444
v -0.143411 0.684173 0.109615
v -0.162563 0.827634 -0.10626
v -0.117291 0.435581 -0.0955903
v -0.0859784 0.43631 0.118472
v -0.123672 0.363493 -0.0432328
v -0.0907109 0.347517 -0.0619771
v -0.0953398 0.717622 0.142398
v -0.100275 0.684197 0.144068
v -0.0485734 0.482826 0.148547
v -0.134184 0.804721 0.121233
v -0.0441937 0.432249 0.137495
v -0.082701 0.388255 0.105297
v -0.0677805 0.395693 -0.126706
v -0.181884 0.853183 -0.0786615
v -0.0962914 0.756479 0.149111
v -0.14515 0.29249 0.0141847
v -0.0936773 0.740979 -0.16733
v -0.0760448 0.412412 -0.162528
v -0.0970867 0.331662 -0.0491105
v -0.0684389 0.36551 -0.100077
v -0.0438169 0.382008 0.122026
v -0.16969 0.87426 -0.0330941
v -0.0452284 0.369379 -0.132157
v -0.0459435 0.716137 0.160093
v -0.0442059 0.804755 0.164697
v -0.0298096 0.355632 -0.110203
v -0.1221 0.849037 0.114065
v -0.0501502 0.682698 0.16629
v -0.00210065 0.584155 0.183868
v -0.0302159 0.515861 -0.195576
v -0.0458129 0.75444 0.16564
v -0.0721405 0.322416 -0.0473921
v -0.0444665 0.709211 -0.180732
v -0.151663 0.899461 0.0253782
v -0.0770905 0.371489 -0.210795
v -0.0102786 0.333626 -0.084514
v -0.0952732 0.786287 -0.168678
v -0.00134624 0.432671 0.144084
v 0.000879595 0.708535 -0.185153
v -0.064205 0.288075 0.0264802
v -0.0725428 0.261329 -0.0328336
v -0.000562579 0.381712 0.127984
v -0.141266 0.914401 -0.0545493
v -0.123137 0.890083 0.0885213
v -0.0447895 0.304542 0.00810735
v 0.039782 0.4348 0.138486
v 0.00743473 0.582573 -0.206668
v -0.113038 0.894204 -0.104638
v -0.0815064 0.847724 0.13948
v -0.154005 0.927491 -0.0488133
v 0.00641135 0.749361 0.170108
v 0.0533657 0.580957 0.178464
v -0.0761734 0.217087 0.0228326
v -0.0565752 0.286458 0.0065032
v 0.0529764 0.783101 -0.184744
v -0.0762712 0.347233 -0.232572
v -0.0658684 0.325103 -0.251033
v -0.0546198 0.411976 -0.258293
v 0.013805 0.355908 -0.123238
v 0.0158992 0.327407 -0.156942
v -0.015928 0.326245 -0.157573
v 0.00608597 0.79879 0.169959
v 0.0534411 0.679293 0.165727
v 0.0853168 0.479811 0.131976
v 0.0552104 0.633302 0.176948
v -0.0825288 0.216971 -0.0294364
v 0.0168923 0.304748 -0.178647
v -0.0841973 0.195906 -0.0306664
v -0.0250384 0.449195 -0.250674
v 0.10809 0.628856 0.15573
v -0.0121332 0.28736 -0.204834
v -0.145665 0.154854 -0.00129954
v -0.0705873 0.216559 -0.0139267
v -0.104323 0.174996 -0.0382455
v 0.0509494 0.737611 -0.18341
v -0.073363 0.917671 -0.126125
v 0.0516519 0.711103 0.157844
v -0.168365 0.932153 0.0590076
v 0.0848707 0.359983 0.0812722
v 0.0526261 0.83045 -0.176077
v -0.0361754 0.934979 -0.151216
v -0.196823 0.967011 0.0110515
v -0.109829 0.153675 0.0385313
v 0.0843223 0.338867 0.0565646
v 0.0582647 0.633136 -0.19707
v 0.0424115 0.358013 -0.144042
v 0.0458194 0.337883 -0.166093
v 0.115727 0.404487 0.0848196
v -0.0318223 0.920752 -0.141959
v -0.183111 0.959507 0.126365
v 0.0878029 0.498156 -0.163802
v -0.128018 0.154425 0.0317862
v -0.127182 0.1327 0.0324983
v 0.0688765 0.39268 -0.123432
v 0.0951943 0.532889 -0.173921
v 0.120854 0.490596 -0.1337
v 0.00701679 0.89612 -0.147729
v 0.00781631 0.909646 -0.142499
v 0.0133948 0.898406 0.153379
v -0.107032 0.131749 -0.037937
v -0.126309 0.111147 0.0323365
v -0.0528994 0.286686 -0.285739
v 0.0126837 0.92104 -0.144958
v -0.155129 0.934162 0.170196
v -0.0488907 0.300483 -0.303705
v 0.0991445 0.784798 -0.167281
v 0.071214 0.426766 -0.213014
v 0.0934288 0.357324 -0.0703047
v -0.142191 0.0886203 -0.0152369
v 0.0124703 0.934493 -0.154254
v -0.2226 1.06167 0.0367317
v 0.103268 0.675276 0.146178
v -0.196268 1.05203 -0.096869
v 0.0496017 0.895792 -0.140598
v -0.0309068 0.916599 0.213199
v 0.0995458 0.740102 0.145054
v 0.0815764 0.883756 0.123147
v -0.142188 0.0666404 0.00963647
v -0.0816883 0.090772 0.0230489
v 0.135771 0.740958 -0.139739
v -0.0463557 0.96663 -0.171805
v 0.138291 0.702617 0.10844
v 0.0395716 0.913745 0.168507
v 0.0338539 0.243761 -0.271051
v 0.169278 0.730011 0.0790447
v -0.0966784 0.0752266 0.0362485
v 0.0976437 0.830658 -0.158578
v 0.141315 0.673917 -0.135726
v -0.0840091 1.0609 -0.193268
v 0.0118318 0.971605 -0.179699
v -0.180918 0.984793 0.201735
v 0.0172886 0.910245 0.195686
v -0.125925 0.064629 0.056274
v 0.0479751 0.275853 -0.269093
v 0.0281398 0.92218 0.200938
v 0.108647 0.885498 0.105629
v -0.11002 0.0524721 -0.0377543
v 0.0860766 0.230387 -0.0351706
v 0.138734 0.356853 -0.0215867
v 0.048118 0.254788 -0.285502
v 0.0286399 0.934326 0.224029
v -0.0197371 0.897726 0.232922
v 0.141352 0.384268 -0.0207883
v 0.117234 0.916639 0.124925
v 0.140511 0.308357 -0.0234462
v 0.119409 0.867047 0.105314
v -0.128404 0.0218822 -0.0140763
v -0.151859 0.0288583 0.0280305
v -0.107848 0.0192279 -0.0147878
v 0.105474 0.209303 0.0385422
v 0.110913 0.937618 -0.117544
v 0.134948 0.91528 0.0980437
v 0.126864 0.901877 0.0845197
v -0.129536 0.0613725 0.0779345
v -0.108955 0.0645581 0.0760662
v -0.138229 0.0169677 0.0528446
v -0.136539 0.017514 0.0285511
v 0.157784 0.456982 -0.0163891
v 0.106876 0.186624 0.0385291
v 0.075375 0.163694 -0.0191717
v 0.117867 0.965173 0.185432
v -0.108977 0.0150511 0.00625766
v -0.0865438 0.0194421 0.00568407
v -0.158149 1.07272 0.189661
v 0.0876113 0.965461 0.197581
v 0.107795 0.164234 0.0381294
v 0.137224 0.530351 -0.14182
v -0.095029 0.0551977 0.124352
v -0.00480545 0.171067 -0.331665
v 0.163402 0.863088 -0.0774402
v -0.0532183 1.0359 0.253419
v 0.0882564 0.990945 0.211339
v 0.181594 0.684161 -0.0666414
v -0.0181856 1.01285 0.302133
v -0.210906 1.1703 0.0547344
v 0.174542 0.85616 -0.0755776
v 0.0708135 1.02788 -0.192533
v 0.176357 0.940042 0.0468186
v 0.168495 0.82297 0.0797671
v 0.154294 0.882647 0.0399292
v 0.219068 0.79501 -0.0984103
v 0.0475994 0.986427 0.234342
v 0.108296 0.142318 -0.0386619
v 0.0337968 0.191948 -0.361259
v 0.224482 0.554703 0.00709634
v 0.19463 0.728019 -0.0743439
v 0.148044 0.938314 -0.0777459
v 0.233587 0.566579 0.0273826
v -0.147955 1.19322 -0.118658
v -0.0936078 0.038345 0.146004
v 0.194693 0.865852 -0.0571609
v -0.193675 1.20616 -0.00536243
v 0.0563912 1.04774 0.250529
v -0.0264517 0.130384 -0.378643
v 0.21069 0.72535 -0.0803753
v 0.144596 0.891558 -0.063407
v 0.148052 0.916898 -0.0408211
v 0.197327 0.80569 0.0257963
v 0.190983 0.836847 0.0172102
v 0.231249 0.630733 0.0187343
v 0.181634 0.867146 -0.0505785
v -0.0237065 1.12108 -0.206504
v 0.226091 0.795267 0.0139627
v 0.00943488 0.113666 -0.380474
v 0.180314 0.959316 0.122929
v 0.0824867 0.0614439 -0.0175364
v 0.213576 0.692525 0.00357284
v 0.215905 0.722498 0.0133771
v 0.185288 0.97857 0.175167
v 0.224086 0.663053 0.0098178
v 0.225597 0.661853 -0.0653984
v 0.144368 0.055715 0.00056716
v -0.0936186 1.18616 -0.163262
v 0.236534 0.725527 0.0271064
v 0.137565 0.0584947 0.065296
v 0.085328 0.0212382 -0.00240697
v 0.2645 0.73984 -0.0907348
v 0.0914868 0.0247454 -0.0200794
v 0.177779 1.0637 0.168962
v 0.151517 0.0497212 0.0490118
v 0.308975 0.725102 -0.060807
v 0.299759 0.688479 -0.0902355
v 0.0787812 0.0186695 0.0522428
v 0.102978 0.0192976 -0.0136761
v 0.139768 0.0250036 0.000801433
v 0.277311 0.636207 0.0877089
v 0.181048 1.10134 -0.122282
v 0.289831 0.773969 0.0356232
v 0.0639559 1.12469 0.240269
v 0.0673314 0.0299305 0.0516387
v 0.0796751 0.0203345 0.0905688
v 0.155147 0.034264 0.0699315
v -0.156001 1.23401 0.100107
v 0.253038 0.668617 0.0660398
v 0.249963 0.455227 -0.0580757
v 0.0785155 0.0192316 0.0709652
v 0.153758 0.0336147 0.0880314
v 0.286718 0.52678 0.0854572
v 0.148053 0.032548 0.106229
v 0.280764 0.581064 -0.110735
v -0.0339917 1.21703 0.205134
v 0.213967 1.06813 0.104522
v 0.142588 0.0215895 0.0898678
v 0.123038 0.0145499 0.0892959
v 0.304075 0.620306 -0.0963373
v 0.280554 0.612345 -0.110505
v 0.162855 1.15973 -0.12541
v 0.137968 0.0223244 0.107632
v 0.119954 0.016218 0.106972
v 0.285166 0.483385 -0.0969962
v 0.264158 0.452005 -0.0810819
v 0.0980978 0.0138953 0.0895229
v 0.078575 0.0322941 0.126239
v 0.142482 0.0324885 0.123927
v 0.297965 0.671283 0.0754666
v 0.281228 0.442434 0.0612974
v 0.217062 1.11241 -0.0550504
v 0.296284 0.470531 0.0670656
v 0.316751 0.428311 0.0522044
v 0.276917 0.396274 -0.0497663
v 0.254994 0.422135 -0.0468449
v 0.333198 0.658887 -0.0315822
v 0.321632 0.477404 0.0487442
v 0.304991 0.522161 -0.0918816
v -0.0168672 1.26789 -0.11681
v 0.0941639 1.22694 0.172477
v 0.0158852 1.28552 -0.0900132
v 0.197082 1.17356 -0.060172
v 0.332582 0.45413 0.0473643
v 0.0122884 1.248 0.182108
v 0.362168 0.433703 0.033168
v 0.329689 0.594321 -0.0676088
v 0.0493226 1.2147 0.203137
v 0.370397 0.431904 0.0101289
v 0.355974 0.457537 0.031942
v 0.0241951 1.30951 -0.00526992
v 0.0996232 1.2727 0.104694
v 0.315073 0.340558 -0.0124192
v 0.3398 0.328246 -0.00403822
v 0.375012 0.406727 0.0132553
v 0.345325 0.320659 0.00382472
v 0.330779 0.308929 0.0182828
v 0.303641 0.300191 0.0566251
v 0.360279 0.313798 0.0376496
v 0.334601 0.287454 -0.00854618
v 0.363954 0.303804 0.00871492
v 0.370483 0.288012 -0.00286874
v 0.372579 0.304442 0.0272466
v 0.383584 0.287963 0.0154821
v 0.329909 0.267215 -0.0161214
v 0.298018 0.260545 0.0863607
v 0.331462 0.231257 0.0813565
v 0.344559 0.217842 0.0769001
v 0.370244 0.211771 0.0101067
v -0.352132 0.329157 0.0356366
v 0.0119716 0.886526 0.142202
v -0.313872 0.597541 0.0645634
v -0.277864 0.595084 0.091397
v -0.207466 0.558191 0.0128082
v -0.256495 0.62749 0.0752466
v -0.214446 0.617333 -0.0392975
v -0.184923 0.75637 -0.0914914
v -0.204696 0.7262 -0.0768118
v -0.163071 0.789643 -0.115815
v -0.178683 0.790562 -0.101266
v -0.175757 0.826251 -0.0973884
v -0.0615758 0.33269 -0.0625035
v -0.0728796 0.416111 -0.21258
v -0.137878 0.900656 0.0657683
v -0.0178415 0.346405 -0.139424
v -0.156284 0.91302 -0.0020469
v -0.0197395 0.309516 0.0186427
v -0.153543 0.909976 0.0329807
v 0.00486359 0.873365 -0.163952
v 0.0528754 0.839777 0.152598
v -0.102831 0.962072 -0.144549
v -0.102785 0.940101 0.167369
v 0.148507 0.579121 -0.144678
v 0.117373 0.333436 -0.0431035
v -0.223458 1.0575 -0.032695
v -0.0486369 0.260253 -0.337174
v 0.135427 0.829607 -0.133753
v -0.0268259 0.946519 0.233405
v 0.0836063 0.912649 0.146974
v -0.0903059 0.0630527 0.0533344
v 0.0888569 0.908307 -0.116568
v 0.0854946 0.895399 -0.125009
v 0.151715 0.490207 -0.0946809
v -0.219407 1.1191 0.0488067
v -0.133552 0.0191233 0.00569231
v -0.0856421 0.0596097 0.0780979
v -0.105345 1.07141 0.226073
v 0.181845 0.583823 -0.0991656
v 0.165013 0.93781 0.0838079
v -0.180533 1.20012 -0.0636235
v 0.113292 0.0774737 0.0392099
v 0.232282 0.595775 0.0250277
v 0.208188 0.65992 -0.0501728
v 0.150165 1.07223 0.196126
v 0.172617 0.942752 -0.0348817
v 0.235823 0.631368 -0.0642531
v 0.302617 0.756019 -0.0540296
v 0.0667256 1.17126 0.22345
v 0.272919 0.736917 0.0609964
v 0.306866 0.560761 0.0737411
v 0.13475 0.0428455 0.135685
v -0.133135 0.706916 -0.134989
v -0.0467553 0.679523 -0.187834
v -0.1397 0.916129 0.0911549
v -0.0947485 0.889042 0.116106
v 0.0854875 0.868698 0.127697
v 0.15259 0.628394 0.119918
v 0.175027 0.673634 0.0687203
v 0.120388 0.89449 -0.0968549
v 0.141913 0.900689 0.0521202
v 0.155643 0.0363731 0.0327292
v 0.302589 0.654924 -0.0953215
v -0.199223 0.760026 -0.0884769
v -0.105821 0.964555 0.188532
v -0.0284863 1.15697 0.239598
v -0.394236 0.253477 0.0419135
v -0.39132 0.278253 0.0246671
v -0.366147 0.256767 0.0894136
v -0.312958 0.275389 0.00760994
v -0.324674 0.28116 -0.0043961
v -0.302003 0.296997 0.0804028
v -0.351163 0.319324 0.0386014
v -0.32919 0.307651 0.0408718
v -0.286194 0.293388 0.07745
v -0.312098 0.330789 0.0205216
v -0.298183 0.351572 0.0343391
v -0.303854 0.378733 0.0485878
v -0.28417 0.367846 0.00993557
v -0.361321 0.437231 0.0334856
v -0.361698 0.454372 -0.0210614
v -0.255884 0.431525 -0.0573081
v -0.319945 0.506932 0.0482298
v -0.301782 0.504958 0.0712812
v -0.350353 0.566082 -0.0348377
v -0.236913 0.48539 -0.00704976
v -0.263416 0.530743 -0.101759
v -0.234806 0.541767 0.0276976
v -0.320777 0.662693 0.0367701
v -0.309807 0.688746 -0.0776532
v -0.308159 0.666721 0.065157
v -0.257445 0.648526 -0.0967514
v -0.189897 0.591814 0.0659999
v -0.24365 0.620317 -0.078794
v -0.289338 0.69773 0.0761716
v -0.252614 0.675552 -0.089968
v -0.213201 0.698883 -0.0705046
v -0.1802 0.534929 0.062253
v -0.184712 0.52434 -0.0615757
v -0.240354 0.702954 -0.0877029
v -0.316728 0.729453 -0.00456957
v -0.159268 0.478447 -0.0631848
v -0.170853 0.482292 -0.0211628
v -0.188955 0.674315 -0.0627824
v -0.132096 0.485462 0.099283
v -0.159406 0.707444 -0.102243
v -0.138767 0.624777 -0.152992
v -0.108441 0.586205 0.156784
v -0.0551488 0.533186 0.169417
v -0.129714 0.313766 -0.0346012
v -0.18293 0.866424 -0.0452679
v -0.137232 0.788104 -0.141976
v -0.0444325 0.345638 -0.0911991
v 0.00891393 0.544299 -0.201041
v -0.0473623 0.633253 -0.199011
v -0.148001 0.243526 -0.00865425
v -0.0257109 0.472398 -0.228881
v -0.000293421 0.636974 0.182226
v -0.0564917 0.435581 -0.235311
v -0.143931 0.889514 -0.0683328
v -0.136934 0.903931 -0.0636311
v -0.111569 0.905856 -0.0956391
v -0.0910267 0.217737 0.0354074
v 0.0143995 0.34669 -0.138237
v 0.0111873 0.518761 -0.20184
v -0.102381 0.196739 -0.0378607
v -0.0946062 0.916544 0.145311
v 0.0496778 0.4902 -0.196265
v -0.0795036 0.928563 -0.130639
v -0.0659533 0.871133 0.134355
v 0.0555743 0.677174 -0.186351
v -0.109953 0.175558 0.0376809
v 0.00852178 0.312659 -0.0397408
v -0.105938 0.153228 -0.0376594
v 0.0281897 0.326668 -0.0668495
v 0.0976445 0.737678 -0.165613
v -0.0148203 0.886117 0.141821
v 0.0980332 0.706042 0.139041
v -0.0735746 0.174048 -0.0161115
v 0.0469758 0.315938 -0.18954
v 0.0429092 0.297916 -0.213784
v -0.0752341 0.131536 -0.017162
v -0.0168761 0.897649 0.151978
v -0.0300878 0.242313 -0.270074
v -0.0487009 0.913885 0.165766
v 0.068733 0.356363 -0.184707
v 0.0788634 0.472163 -0.162141
v 0.0505167 0.907605 -0.133197
v 0.0651316 0.934216 -0.14156
v -0.215951 1.06744 0.100158
v -0.0486734 0.280703 -0.320799
v -0.00683782 0.911475 0.17746
v -0.00308156 0.906177 0.195698
v 0.138042 0.732937 0.117359
v 0.00973412 0.320832 -0.328484
v -0.0750979 0.110238 -0.0165369
v -0.064649 1.01332 -0.190457
v -0.0268358 0.935991 0.211524
v -0.195194 1.00784 0.154159
v -0.0296441 0.932826 0.225648
v 0.0848648 0.230242 0.0343402
v -0.14921 1.05472 -0.153845
v 0.108095 0.900187 0.109838
v 0.032041 0.315104 -0.320473
v 0.125816 0.254819 0.0395381
v 0.104657 0.230832 0.0406948
v -0.220333 1.10903 -0.0156356
v 0.183033 0.577091 0.0749089
v 0.119371 0.421456 -0.0886997
v 0.184369 0.627141 0.0733849
v 0.0451669 0.964942 0.214669
v -0.109141 0.0256456 -0.0325346
v 0.169025 0.676709 -0.0971721
v 0.0739338 0.185568 0.0188843
v -0.0489471 1.00427 0.247684
v 0.1241 0.936473 0.154217
v 0.149747 0.864377 0.073732
v -0.0873554 0.0575443 0.102868
v 0.107579 0.186333 -0.0386571
v -0.0988283 1.1089 -0.187467
v -0.138282 0.017815 0.0769008
v 0.179487 0.495246 -0.015487
v -0.163664 1.10612 -0.142373
v -0.146281 0.0280693 0.10402
v -0.0846255 0.0154854 0.0529247
v 0.149872 0.456241 -0.0507968
v 0.180293 0.751401 -0.093511
v -0.201411 1.15228 -0.0708614
v 0.0304187 0.94482 0.278687
v 0.0286337 0.935149 0.282396
v -0.00980114 0.987981 0.303303
v -0.135194 0.0487027 0.127475
v 0.0757587 0.142414 -0.019377
v 0.0200734 0.207573 -0.383163
v 0.0305126 0.200529 -0.373539
v 0.128692 0.980506 -0.140053
v 0.030928 0.962309 0.280471
v 0.128536 0.9811 0.20338
v -0.0898171 0.0173881 0.101452
v 0.20115 0.853856 -0.0824345
v -0.163853 1.15099 -0.129297
v 0.19179 0.668729 0.0255002
v 0.19035 0.771709 0.0492576
v -0.122984 0.0283982 0.14312
v 0.0909929 0.121234 -0.0331768
v 0.0309188 0.986738 0.283265
v 0.180467 0.700094 0.0326138
v 0.219387 0.851323 -0.0863632
v 0.101129 1.0409 0.223844
v 0.154187 0.89888 0.011721
v 0.196771 0.695207 -0.0566403
v 0.179347 0.867506 -0.0163101
v -0.0223702 0.136867 -0.418584
v 0.215798 0.763266 0.0176291
v 0.23574 0.75918 0.0190743
v 0.164936 1.01068 0.212569
v 0.233083 0.533199 0.0173737
v 0.202397 0.867088 -0.0306602
v 0.194655 0.998395 0.134777
v 0.0765796 0.0600593 0.0186999
v 0.237279 0.730557 -0.0915088
v 0.144346 0.0754818 0.000865366
v 0.235992 0.498012 -0.0243919
v 0.248218 0.793987 0.011904
v 0.0764407 0.0564568 0.0508133
v 0.093856 0.0624656 0.0659978
v 0.199545 1.00998 0.112074
v 0.245112 0.532776 0.0577194
v 0.272713 0.709772 -0.0940219
v 0.131176 0.0438412 -0.033043
v 0.262868 0.527699 0.0805027
v -0.146962 1.24408 -0.0564021
v 0.0966144 0.0367669 -0.0399944
v 0.129303 0.0292587 -0.0299688
v 0.295392 0.718747 -0.084623
v 0.100739 0.0139757 0.0153095
v 0.110538 1.14689 -0.174019
v 0.146663 0.02182 0.051843
v 0.155871 0.0351024 0.0511832
v 0.243178 0.464264 0.0238124
v -0.0816622 1.26723 -0.0916341
v 0.301115 0.634954 0.0794351
v 0.142808 0.0443989 0.120649
v 0.304449 0.449093 0.0551152
v 0.0885322 0.0324886 0.140126
v 0.0865535 0.0412924 0.138298
v 0.103149 0.0380645 0.152291
v 0.313556 0.501347 0.0565196
v -0.0769527 1.23205 0.179363
v 0.296936 0.404743 -0.0498323
v 0.332803 0.53088 0.0336266
v 0.307019 0.45917 -0.0697802
v 0.317322 0.379662 0.0556166
v 0.321882 0.363961 -0.0276749
v 0.322564 0.413553 -0.0405
v 0.336441 0.308519 0.0480686
v 0.0920596 1.2901 -0.02203
v 0.349224 0.312475 0.0069412
v 0.316761 0.299853 0.0613609
v 0.312645 0.293504 0.0801683
v 0.0799721 1.29828 0.0252454
v 0.325909 0.30439 0.0459171
v 0.314851 0.298844 0.042026
v 0.320038 0.284671 0.00372485
v 0.275376 0.273992 0.0561201
v 0.277885 0.280927 0.0774246
v 0.278553 0.289721 0.0587025
v 0.394258 0.264308 0.029491
v -0.325506 0.325227 0.0344248
v -0.232282 0.618419 0.0235272
v -0.245999 0.447355 0.0214603
v -0.241653 0.482556 0.02934
v -0.32087 0.690864 -0.0452048
v -0.230461 0.644601 0.015761
v -0.192175 0.663385 -0.0622854
v -0.186989 0.687065 0.0190942
v -0.145481 0.399118 -0.0172072
v -0.103629 0.533329 0.148854
v -0.127812 0.36818 0.0401857
v -0.107349 0.639941 0.154351
v -0.00412701 0.53183 0.177429
v -0.0522899 0.372568 -0.117686
v -0.0462403 0.785831 -0.187265
v -0.167466 0.927594 0.00309741
v 0.00275795 0.738576 -0.189196
v 0.00688849 0.831564 -0.1833
v -0.0381488 0.876174 -0.158413
v -0.039907 0.848001 0.152819
v -0.0351957 0.898234 -0.142936
v 0.0842145 0.390905 -0.107781
v 0.105168 0.579503 -0.178821
v 0.0661226 0.377988 -0.159216
v -0.0498122 0.932845 0.186395
v -0.048672 0.959557 0.208734
v 0.128333 0.384423 -0.0507977
v 0.131408 0.88551 0.07686
v -0.110387 1.03562 0.218722
v 0.148154 0.914604 0.0670522
v -0.210423 1.12495 0.105556
v 0.158626 0.915742 0.0319005
v 0.186906 0.854084 -0.0773787
v 0.203731 0.620641 0.0264361
v 0.14152 1.04086 0.203773
v 0.23772 0.50061 0.0220921
v 0.081556 0.0198828 0.0148804
v 0.26595 0.797708 0.00887453
v 0.329902 0.299342 0.0644152
v 0.326996 0.299517 0.0128407
v -0.193601 0.532849 0.0179618
v 0.173164 0.777661 0.0828654
v -0.206207 0.602076 0.0251554
v -0.152302 0.640964 0.117187
v -0.0269041 0.873123 0.143499
v 0.0433396 0.884517 0.13825
v -0.0105987 1.07137 -0.209514
v 0.107379 1.08125 0.225911
v 0.320044 0.657558 -0.0672956
v 0.343787 0.626777 -0.0338847
v 0.356035 0.325857 0.0319651
v 0.02856 0.946687 0.241041
v 0.205275 0.575113 0.0213667
v -0.0342935 0.319493 -0.0507833
v -0.0332252 0.908212 -0.138578
f 2027 2176 1912 1694
f 2176 2027 767 835
f 1912 2176 1002 1758
f 1694 1912 2044 1903
f 1694 563 495 2027
f 681 767 2027 495
f 835 767 1747 1001
f 835 1181 1002 2176
f 1002 1816 1108 1758
f 1912 1758 873 2044
f 1696 1903 2044 800
f 1903 496 563 1694
f 494 495 563 1665
f 767 681 764 1747
f 2036 681 495 494
f 1915 1047 1001 1747
f 1001 1142 1181 835
f 1816 1002 1181 1238
f 1256 1228 1108 1816
f 1758 1108 1775 873
f 2065 800 2044 873
f 496 1903 1696 602
f 800 2060 2039 1696
f 448 1665 563 496
f 2161 1661 494 1665
f 764 681 2036 729
f 1747 764 2174 1915
f 494 1661 1673 2036
f 987 1048 1047 1915
f 1001 1047 1069 1142
f 2126 1238 1181 1142
f 1238 1267 1256 1816
f 1256 1340 1285 1228
f 1108 1228 1139 1775
f 1775 1918 2065 873
f 800 2065 2078 2060
f 618 602 1696 2039
f 602 540 448 496
f 2060 2057 1712 2039
f 2161 1665 448 1633
f 1896 1661 2161 1894
f 1673 1714 729 2036
f 2174 764 729 763
f 1754 987 1915 2174
f 1673 1661 1896 1932 422
f 1054 1106 1048 987
f 1069 1047 1048 1943
f 1824 2126 1142 1069
f 1267 1238 2126 1245
f 1314 1340 1256 1267
f 1340 1319 1266 1285
f 1139 1228 1285 1140
f 2109 1918 1775 1139
f 2078 2065 1918 1772
f 2078 936 2057 2060
f 1899 540 602 618
f 2039 1712 2034 618
f 1633 448 540 428
f 1712 2057 1785 2192
f 1633 1626 1894 2161
f 1617 1896 1894 361
f 422 620 1714 1673
f 729 1714 669 763
f 2052 1754 2174 763
f 987 1754 988 1054
f 1892 1932 1896 1617
f 1932 1892 395 455 422
f 1107 1199 1106 1054
f 1106 1143 1943 1048
f 1943 1307 1824 1069
f 1245 2126 1824 1853
f 1245 1362 1314 1267
f 1314 1379 1319 1340
f 1319 1331 1292 1266
f 1285 1266 1226 1140
f 2109 1139 1140 1226
f 1772 1918 2109 1031
f 1772 1796 936 2078
f 1015 1785 2057 936
f 428 540 1899 2006
f 1899 618 2034 1704
f 2192 710 2034 1712
f 428 394 1626 1633
f 2192 1785 954 986
f 1894 1626 1998 361
f 354 1617 361 348
f 455 1687 620 422
f 1942 669 1714 620
f 763 669 657 2052
f 1754 2052 1757 988
f 1054 988 1055 1107
f 1617 354 353 1892
f 1627 395 1892 353
f 395 446 2004 455
f 1112 1812 1199 1107
f 1199 1244 1143 1106
f 1307 1943 1143 1244
f 1307 1856 1853 1824
f 1245 1853 1344 1362
f 1379 1314 1362 1380
f 1331 1319 1379 1859
f 1292 1331 1850 1848
f 1292 2118 1226 1266
f 1226 2118 1031 2109
f 1031 953 1796 1772
f 936 1796 1150 1015
f 1105 954 1785 1015
f 1704 1664 2006 1899
f 2006 1659 394 428
f 1704 2034 710 1713
f 986 1760 710 2192
f 1998 1626 394 1999
f 1046 986 954 2114
f 348 361 1998 1997
f 348 1605 309 354
f 1687 455 2004 1900
f 1900 1942 620 1687
f 669 1942 2171 657
f 670 2068 1757 2052 657
f 988 1757 955 1055
f 1112 1107 1055 1776
f 353 354 309 347
f 1933 446 395 1627
f 347 352 1627 353
f 2004 446 447 2022
f 2193 1036 1812 1112
f 1244 1199 1812 1926
f 1244 1926 1856 1307
f 1856 1849 1344 1853
f 1362 1344 1860 1380
f 1859 1379 1380 2138
f 1366 1850 1331 1859
f 1848 1850 1297 1097
f 2118 1292 1848 1255
f 1031 2118 1255 953
f 953 1255 1150 1796
f 1015 1150 1097 1105
f 954 1105 1151 2114
f 1664 1704 1713 1693
f 1659 2006 1664 1672
f 1999 394 1659 454
f 1713 710 1760 711
f 986 1046 1016 1760
f 1997 1998 1999 1631
f 1830 1810 1046 2114
f 1997 303 1605 348
f 1605 1988 318 309
f 2022 2170 1900 2004
f 2170 2171 1942 1900
f 2171 1906 766 670 657
f 670 766 872 2068
f 2083 955 1757 2068
f 1055 955 971 1776
f 1776 2086 2193 1112
f 347 309 298 1583
f 440 447 446 1933
f 1627 352 381 1933
f 1583 284 352 347
f 447 2020 2029 2022
f 1922 1202 1036 2193
f 1036 1201 1926 1812
f 1201 1849 1856 1926
f 1860 1344 1849 1345
f 1380 1860 1428 2138
f 2134 1366 1859 2138
f 1297 1850 1366 1311
f 1297 1151 1105 1097
f 1097 1150 1255 1848
f 2114 1151 1227 1830
f 1693 1713 711 2026
f 1672 1664 1693 1686
f 1659 1672 2200 454
f 1631 1999 454 433
f 1760 1016 2073 711
f 1016 1046 1810 1141
f 1631 369 303 1997
f 1830 1851 1840 1810
f 303 1597 1988 1605
f 320 318 1988 319
f 309 318 287 298
f 603 1698 2035 2170 2022 2029 2030
f 2035 1906 2171 2170
f 791 766 1906 636
f 791 871 872 766
f 2074 2083 2068 872
f 1765 971 955 2083
f 895 2086 1776 971
f 2193 2086 2180 1922
f 1583 298 1574 1578
f 2014 2020 447 440
f 1933 381 2007 440
f 381 352 284 1610
f 1578 276 284 1583
f 1682 593 2029 2020
f 1202 1922 1802 1239
f 1201 1036 1202 1293
f 1345 1849 1201 1293
f 1345 1367 1428 1860
f 2134 2138 1428 1343
f 1366 2134 1324 1311
f 1311 1227 1151 1297
f 1332 1851 1830 1227
f 2026 711 2073 1734
f 2026 619 1686 1693
f 1681 2200 1672 1686
f 433 454 2200 2166
f 433 370 369 1631
f 1016 1141 1086 2073
f 1810 1840 1171 1141
f 1582 1585 303 369
f 1210 1840 1851 1373
f 1597 303 1585 1889
f 319 1988 1597 317
f 288 287 318 320
f 319 316 312 320
f 252 1574 298 287 265
f 603 649 1698
f 1698 658 2037 2035
f 2030 2029 593 1715
f 2030 671 649 603
f 636 1906 2035 2037
f 636 714 748 791
f 748 870 871 791
f 871 2066 2074 872
f 2048 1765 2083 2074 2197 793
f 971 1765 1755 895
f 970 2180 2086 895
f 1922 2180 1127 1802
f 246 253 1578 1574
f 1879 1682 2020 2014
f 440 2007 2190 2014
f 1610 1632 2007 381
f 1593 1610 284 276
f 1578 253 294 276
f 1706 593 1682 541
f 1239 1802 1184 1825
f 1293 1202 1239 1302
f 1293 1302 1367 1345
f 1367 1373 1343 1428
f 1343 1332 1324 2134
f 1311 1324 1332 1227
f 1332 1343 1373 1851
f 1734 2073 1086 1770
f 1734 707 619 2026
f 1681 1686 619 2025
f 1680 2166 2200 1681
f 2166 2164 370 433
f 1582 369 370 367
f 1086 1141 1171 1125
f 1210 1200 1171 1840
f 1989 1887 1585 1582
f 1373 1367 1302 1210
f 1887 1888 1889 1585
f 317 1597 1889 282
f 316 319 317 313
f 265 287 288 269
f 293 288 320 312
f 316 308 297 312
f 246 1574 252 1573 251
f 250 1573 252 265
f 649 1725 658 1698
f 636 2037 658 714
f 1706 621 1718 1715 593
f 1715 680 671 2030
f 1725 649 671 713
f 747 748 714 733
f 883 870 748 747
f 870 2067 2066 871
f 818 2197 2074 2066
f 1748 1755 1765 2048
f 2197 1724 712 793
f 2048 793 712 682
f 895 1755 2075 970
f 1127 2180 970 2093
f 1184 1802 1127 1099
f 232 1571 253 246
f 541 1682 1879 2191
f 2190 526 1879 2014
f 1632 2165 2190 2007
f 1593 340 1632 1610
f 276 294 295 1593
f 1565 294 253 1571
f 541 650 1907 1706
f 1825 1184 2104 1160
f 1825 1210 1302 1239
f 1086 1125 1923 1770
f 1770 834 707 1734
f 2025 619 707 1909
f 2025 1697 1680 1681
f 2166 1680 1897 2164
f 367 370 2164 405
f 1582 367 1620 1989
f 1111 1125 1171 1200
f 1160 1200 1210 1825
f 1887 1989 1580 1570
f 1885 1888 1887 1570
f 282 1889 1888 1577
f 282 275 313 317
f 316 313 292 308
f 272 269 288 293
f 269 249 250 265
f 312 297 279 293
f 279 297 308 271
f 251 1573 245 230
f 246 251 241 232
f 236 245 1573 250
f 714 658 1725 733
f 1706 1907 715 682 621
f 682 712 1718 621
f 1715 1718 693 680
f 732 713 671 680
f 1725 713 765 733
f 733 765 883 747
f 852 2067 870 883
f 819 818 2066 2067
f 818 730 1724 2197
f 1744 2075 1755 1748
f 2048 682 715 1748
f 693 1718 712 1724
f 2093 970 2075 990
f 1099 1127 2093 1792
f 1099 2096 2104 1184
f 217 2153 1571 232
f 526 551 2191 1879
f 2191 1700 650 541
f 434 526 2190 2165
f 1608 2165 1632 340
f 295 1598 340 1593
f 263 295 294 1565
f 237 1565 1571 2153
f 2040 1727 1907 650
f 1056 1160 2104 1020
f 1077 1923 1125 1111
f 1923 1780 834 1770
f 1909 707 834 817
f 1909 1910 1697 2025
f 582 1897 1680 1697
f 2164 1897 2163 405
f 405 2160 1620 367
f 1580 1989 1620 1600
f 1111 1200 1160 1056
f 1570 1580 1930 1983
f 1941 1577 1888 1885
f 1885 1570 1983 1569
f 1579 275 282 1577
f 275 283 292 313
f 308 292 278 271
f 257 249 269 272
f 293 279 264 272
f 250 249 231 236
f 256 264 279 271
f 245 214 211 230
f 251 230 229 241
f 232 241 226 217
f 236 210 214 245
f 715 1907 1727 2053
f 680 693 731 732
f 732 820 765 713
f 765 820 852 883
f 2067 852 820 819
f 819 731 730 818
f 1724 730 731 693
f 1744 911 990 2075
f 1748 715 2053 1744
f 990 911 1792 2093
f 1792 1788 2096 1099
f 1788 1020 2104 2096
f 2153 217 209 188
f 434 1898 551 526
f 551 1934 1700 2191
f 650 1700 1719 2040
f 1608 1645 434 2165
f 1608 340 1598 1614
f 1590 1598 295 263
f 1584 263 1565 237
f 237 2153 188 1566
f 1736 1735 1727 2040
f 1020 1917 1761 1056
f 1780 1923 1077 1030
f 1056 1761 1077 1111
f 894 817 834 1780
f 817 1937 1910 1909
f 634 582 1697 1910
f 1663 2163 1897 582
f 405 2163 400 2160
f 360 1600 1620 2160
f 1930 1580 1600 300
f 1983 1930 267 1575
f 1579 1577 1941 261
f 1569 1886 1941 1885
f 1575 242 1569 1983
f 1579 1572 283 275
f 278 292 283 270
f 271 278 255 256
f 231 249 257 235
f 244 257 272 264
f 213 210 236 231
f 243 244 264 256
f 201 207 211 214
f 223 229 230 211
f 226 241 229 223
f 1556 209 217 226
f 214 210 1972 201
f 2053 1727 1735 801
f 820 732 731 819
f 2053 801 911 1744
f 1788 1792 911 801
f 801 1917 1020 1788
f 1475 2188 188 209
f 469 1898 434 1645
f 1934 551 1898 542
f 1934 1729 1719 1700
f 2040 1719 2173 1736
f 1634 1645 1608 1614
f 1614 1598 1590 1607
f 263 1584 1591 1590
f 2189 1584 237 1566
f 188 2188 1970 1566
f 1938 2175 1735 1736
f 2177 1761 1917 2175
f 1077 1761 2177 1030
f 894 1780 1030 1013
f 1779 1937 817 894
f 706 634 1910 1937
f 1710 1663 582 634
f 400 2163 1663 1638
f 2162 360 2160 400
f 300 1600 360 1616
f 300 326 267 1930
f 267 1984 1576 1575
f 261 1941 1886 220
f 261 259 1572 1579
f 1569 242 1981 234 221 1974 1886
f 1576 1563 242 1575
f 270 283 1572 254
f 254 255 278 270
f 256 255 248 243
f 235 257 244 240
f 231 235 208 213
f 1972 210 213 204
f 240 244 243 222
f 191 1554 207 201
f 211 207 205 223
f 223 205 1556 226
f 209 1556 2151 1475
f 201 1972 184 191
f 801 1735 2175 1917
f 1472 1882 2188 1475
f 1898 469 503 542
f 469 1645 1634 423
f 583 1729 1934 542
f 1719 1729 2054 2173
f 1763 1938 1736 2173
f 1614 1607 396 1634
f 1590 1591 1611 1607
f 2157 1591 1584 2189
f 1566 1970 1561 2189
f 2188 1882 1547 2186 1975 1970
f 2087 2177 2175 1938
f 1013 1030 2177 2087
f 1013 999 1779 894
f 1937 1779 1753 706
f 1905 1710 634 706
f 1638 1663 1710 1689
f 400 1638 1658 2162
f 1616 360 2162 1622
f 1616 1931 326 300
f 301 1984 267 326
f 1576 1984 296 238
f 220 1886 1974 1977
f 220 1564 259 261
f 254 1572 259 228
f 2152 1981 242 1563 200
f 247 234 1981 2152 215
f 239 225 218 221 234
f 1560 1974 221 218
f 238 219 1563 1576
f 228 248 255 254
f 212 222 243 248
f 240 1978 208 235
f 213 208 202 204
f 204 1968 184 1972
f 1978 240 222 203
f 1554 191 1544 1883
f 205 207 1554 195
f 195 2151 1556 205
f 1475 2151 2147 1472
f 180 1544 191 184
f 172 1547 1882 1472
f 1699 503 469 423
f 542 503 637 583
f 1634 396 1660 423
f 1762 2054 1729 583
f 2173 2054 910 1763
f 2087 1938 1763 1019
f 382 396 1607 1611
f 334 1611 1591 2157
f 1985 2157 2189 1561
f 1975 260 1561 1970
f 193 2186 1547 1542
f 1562 1567 1975 2186
f 1019 999 1013 2087
f 1779 999 985 1753
f 706 1753 816 1905
f 1689 1710 1905 790
f 1638 1689 2013 1658
f 1622 2162 1658 420
f 1616 1622 388 1931
f 1931 1992 301 326
f 1984 301 307 296
f 296 268 258 238
f 1973 1977 1974 1560
f 1553 1564 220 1977
f 259 1564 216 228
f 1563 219 1474 200
f 200 1884 215 2152
f 247 239 234
f 247 215 1558 225 239
f 218 225 1558 1559
f 1559 1557 1560 218
f 238 258 1976 219
f 228 216 212 248
f 203 222 212 206
f 208 1978 1555 202
f 204 202 1966 1968
f 184 1968 181 180
f 2150 1555 1978 203
f 1544 1881 175 1883
f 195 1554 1883 1551
f 1551 2147 2151 195
f 1472 2147 1549 172
f 180 1534 1881 1544
f 1547 172 170 1542
f 2031 637 503 1699
f 1699 423 1660 2015
f 583 637 2187 1762
f 382 1646 1660 396
f 1762 969 910 2054
f 910 1782 1035 2089 1019 1763
f 1995 382 1611 334
f 2157 1985 323 334
f 1561 260 2155 1985
f 1567 1982 260 1975
f 1980 1562 2186 193
f 183 1474 219 1976 193 1542 1473
f 233 224 1567 1562
f 985 999 1019 2089
f 1759 1753 985 1784
f 1759 868 816 1753
f 833 790 1905 816
f 1689 790 1703 2013
f 420 1658 2013 486
f 2008 388 1622 420
f 345 1992 1931 388
f 301 1992 330 307
f 296 307 302 268
f 289 1568 258 268
f 198 1553 1977 1973
f 1973 1560 1557 1969
f 197 216 1564 1553
f 200 1474 1552 1884
f 1558 215 1884 196
f 1559 1558 196 199
f 1559 199 1971 1557
f 258 1568 1979 1976
f 206 212 216 197
f 206 1967 2150 203
f 1966 202 1555 1543
f 187 181 1968 1966
f 181 1880 1534 180
f 1543 1555 2150 186
f 175 1881 157 163
f 1551 1883 175 1548
f 1548 1549 2147 1551
f 170 172 1549 165
f 1881 1534 159 157
f 1542 170 177 1473
f 2031 1708 2187 637
f 2015 1705 2031 1699
f 1646 1695 2015 1660
f 2187 2080 969 1762
f 1648 1646 382 1995
f 1781 1782 910 969
f 1782 1004 1018 1035
f 1035 1018 1045 2089
f 334 323 1612 1995
f 2155 1986 323 1985
f 2155 260 1982 277
f 1982 1567 224 1581
f 1562 1980 227 233
f 1976 1979 1980 193
f 182 1552 1474 183
f 183 1473 182
f 266 281 224 233
f 1784 985 2089 1045
f 1784 1774 2178 1759
f 1759 2178 869 868
f 816 868 849 833
f 746 1703 790 833
f 2013 1703 656 486
f 420 486 546 2008
f 388 2008 1668 345
f 345 1630 330 1992
f 307 330 346 302
f 268 302 306 289
f 1586 1568 289 285
f 194 197 1553 198
f 190 198 1973 1969
f 1557 1971 185 1969
f 1552 189 196 1884
f 199 196 189 192
f 192 179 1971 199
f 262 1979 1568 1586
f 197 194 1967 206
f 2150 1967 176 186
f 1543 1540 187 1966
f 1532 1880 181 187
f 159 1534 1880 1528
f 1543 186 1533 1540
f 163 157 152 153
f 175 163 164 1548
f 1548 164 165 1549
f 165 1965 1537 170
f 1527 152 157 159
f 170 1537 166 177
f 182 1473 177 178
f 1705 792 1708 2031
f 1708 821 2080 2187
f 622 1705 2015 1695
f 1653 1695 1646 1648
f 2080 1017 1781 969
f 1995 1612 1635 1648
f 1004 1782 1781 1033
f 1052 1018 1004 1034
f 2095 1045 1018 1052
f 323 1986 2158 1612
f 277 1592 1986 2155
f 1581 1587 277 1982
f 224 281 274 1581
f 227 1980 1979 262
f 233 227 2154 266
f 178 189 1552 182
f 266 286 2156 281
f 1784 1045 2095 1774
f 2077 2178 1774 998
f 869 2178 2077 951
f 850 849 868 869
f 833 849 2064 746
f 815 656 1703 746
f 656 1711 546 486
f 2008 546 550 1668
f 445 1630 345 1668
f 1630 1991 346 330
f 1613 306 302 346
f 306 339 315 289
f 290 285 289 315
f 1586 285 305 280
f 1550 194 198 190
f 190 1969 185 1546
f 179 1545 185 1971
f 192 189 178 171
f 1541 179 192 171
f 280 273 262 1586
f 1550 176 1967 194
f 1533 186 176 1535
f 187 1540 1529 1532
f 1526 1528 1880 1532
f 142 1527 159 1528
f 1529 1540 1533 169
f 145 153 152 140
f 164 163 153 154
f 164 154 1965 165
f 155 1537 1965 162
f 140 152 1527 1961
f 167 173 166 1537 155
f 178 177 166 173 171
f 622 1936 792 1705
f 1708 792 2084 821
f 821 989 1017 2080
f 1935 622 1695 1653
f 1648 1635 441 1653
f 1781 1017 2091 1033
f 406 1635 1612 2158
f 1033 1786 1034 1004
f 1034 1098 1076 1052
f 1052 1076 1053 2095
f 2158 1986 1592 376
f 1587 1594 1592 277
f 274 1595 1587 1581
f 281 2156 314 274
f 262 273 2154 227
f 2154 299 286 266
f 2156 286 311 325
f 998 1774 2095 1053
f 2077 998 1068 2085
f 951 2077 2085 952
f 869 951 882 850
f 850 848 2064 849
f 815 746 2064 909
f 2050 1711 656 815
f 1711 728 550 546
f 1668 550 2168 445
f 427 1991 1630 445
f 1613 346 1991 2002
f 368 339 306 1613
f 331 315 339 371
f 1596 305 285 290
f 1601 290 315 331
f 280 305 1603 1589
f 1546 1539 1550 190
f 1546 185 1545 174
f 1538 1545 179 1541
f 1541 171 173 1530
f 273 280 1589 1588
f 1539 1535 176 1550
f 1536 169 1533 1535
f 1532 1529 147 1526
f 1528 1526 139 142
f 1960 1961 1527 142
f 1529 169 1962 147
f 146 154 153 145
f 141 145 140 1523
f 162 1965 154 146
f 1963 155 162 2149
f 1961 134 1523 140
f 160 1530 173 167
f 155 1963 136 167
f 2047 1936 622 1935
f 1936 2079 2084 792
f 2084 1003 989 821
f 1791 2091 1017 989
f 441 651 1935 1653
f 406 504 441 1635
f 1033 2091 2092 1786
f 401 406 2158 376
f 1098 1034 1786 2101
f 1098 1126 1096 1076
f 1104 1053 1076 1096
f 1621 376 1592 1594
f 1594 1587 1595 1604
f 314 291 1595 274
f 314 2156 325 322
f 299 2154 273 1588
f 310 311 286 299
f 321 333 325 311
f 1068 998 1053 1104
f 2085 1068 1124 1029
f 1029 935 952 2085
f 951 952 1764 882
f 882 924 848 850
f 909 2064 848 1769
f 909 1756 2050 815
f 2050 777 728 1711
f 2168 550 728 1901
f 445 2168 1678 427
f 2002 1991 427 439
f 2002 421 368 1613
f 339 368 1994 371
f 331 371 1996 1891
f 2159 1603 305 1596
f 290 1601 329 1596
f 349 1601 331 1891
f 1603 1990 1890 1589
f 1546 174 168 1539
f 161 174 1545 1538
f 1541 1530 1964 1538
f 1588 1589 1602 304
f 168 1536 1535 1539
f 148 1962 169 1536
f 147 138 139 1526
f 1524 1960 142 139
f 124 134 1961 1960
f 1962 133 138 147
f 143 146 145 141
f 141 1523 125 126
f 2149 162 146 143
f 2149 2148 127 1963
f 1523 134 123 125
f 1531 1964 1530 160
f 167 136 135 160
f 136 1963 127 150
f 2179 2079 1936 2047
f 651 2045 2047 1935
f 2084 2079 1032 1003
f 989 1003 1790 1791
f 2091 1791 1797 2092
f 504 552 651 441
f 1647 504 406 401
f 2101 1786 2092 1109
f 376 1621 1629 401
f 1126 1098 2101 2183
f 1095 1096 1126 1207
f 1096 1095 1156 1104
f 1604 1625 1621 1594
f 1604 1595 291 378
f 337 291 314 322
f 325 333 336 322
f 1588 304 310 299
f 311 310 324 321
f 321 1599 327 333
f 1104 1156 1124 1068
f 1066 1029 1124 1103
f 1066 923 935 1029
f 952 935 923 1764
f 950 924 882 1764
f 848 924 1778 1769
f 2088 1756 909 1769
f 2050 1756 1000 777
f 1901 728 777 1916
f 1901 1750 1678 2168
f 439 427 1678 1674
f 439 2005 421 2002
f 1994 368 421 432
f 1652 1996 371 1994
f 1996 1641 403 1891
f 1609 1990 1603 2159
f 1596 329 1606 2159
f 329 1601 349 338
f 1891 403 1618 349
f 2199 1890 1990 1619
f 1602 1589 1890 1615
f 158 168 174 161
f 161 1538 1964 156
f 332 1987 304 1602
f 148 1536 168 158
f 1525 133 1962 148
f 1524 139 138 131
f 122 124 1960 1524
f 123 134 124 120
f 1516 131 138 133
f 126 1520 143 141
f 1515 1511 126 125
f 143 1520 2148 2149
f 1521 150 127 2148
f 125 123 114 1515
f 1964 1531 151 156
f 135 144 1531 160
f 150 1959 135 136
f 2079 2179 972 1032
f 2047 2045 2198 2179
f 552 617 2045 651
f 1003 1032 1793 1790
f 1797 1791 1790 1128
f 2092 1797 1110 1109
f 524 552 504 1647
f 1629 419 1647 401
f 1109 1158 2183 2101
f 1629 1621 1625 393
f 1183 1207 1126 2183
f 1207 1179 1156 1095
f 378 392 1625 1604
f 337 375 378 291
f 322 336 365 337
f 327 344 336 333
f 304 1987 324 310
f 324 335 1599 321
f 327 1599 350 351
f 1103 1124 1156 1179
f 1178 1065 1066 1103
f 1066 1065 1067 923
f 1764 923 1067 950
f 2098 1778 924 950
f 1769 1778 997 2088
f 1000 1756 2088 1921
f 1916 777 1000 1014
f 1916 851 1750 1901
f 1750 1679 1674 1678
f 1674 547 2024 2005 439
f 432 421 2005 525
f 1994 432 463 1652
f 1652 449 1641 1996
f 402 403 1641 435
f 1619 1990 1609 418
f 357 1609 2159 1606
f 341 1606 329 338
f 338 349 1618 380
f 1618 403 402 1639
f 358 1615 1890 2199
f 2012 2010 2199 1619
f 1615 363 332 1602
f 156 149 158 161
f 332 343 328 1987
f 148 158 149 1525
f 1516 133 1525 1519
f 1524 131 1518 122
f 120 124 122 1514
f 115 114 123 120
f 1517 1518 131 1516
f 1520 126 1511 118
f 104 108 1511 1515
f 1520 118 1521 2148
f 1959 150 1521 117
f 1515 114 103 104
f 151 1531 144 132
f 137 149 156 151
f 144 135 1959 1522
f 1477 972 2179 2198
f 972 1783 1793 1032
f 690 2198 2045 617
f 592 617 552 524
f 1790 1793 1113 1128
f 1128 1182 1110 1797
f 1110 1927 1158 1109
f 538 524 1647 419
f 393 438 419 1629
f 2183 1158 1811 1183
f 392 413 393 1625
f 1224 1179 1207 1183
f 472 392 378 375
f 374 375 337 365
f 373 365 336 344
f 351 356 344 327
f 324 1987 328 335
f 342 350 1599 335
f 384 351 350 362
f 1103 1179 1224 1178
f 1094 1065 1178 1925
f 1800 1067 1065 1094
f 1067 1800 2098 950
f 997 1778 2098 1157
f 1921 2088 997 1794
f 1000 1921 1051 1014
f 984 851 1916 1014
f 1911 1679 1750 851
f 547 1674 1679 685
f 561 2024 547 611 600
f 525 2005 2024 561
f 463 432 525 493
f 463 475 449 1652
f 1641 449 476 435
f 497 464 402 435
f 418 1609 357 1642
f 1619 418 473 2012
f 1606 341 1893 357
f 338 380 387 341
f 391 380 1618 1639
f 1639 402 464 1640
f 363 1615 358 366
f 379 358 2199 2010 417
f 482 474 2010 2012
f 343 332 363 372
f 328 343 355 364
f 1519 1525 149 137
f 1517 1516 1519 130
f 116 1514 122 1518
f 120 1514 1957 115
f 103 114 115 111
f 1958 116 1518 1517
f 1511 108 105 118
f 1955 96 108 104
f 1521 118 105 117
f 1522 1959 117 119
f 103 94 1955 104
f 1522 128 132 144
f 151 132 129 137
f 1477 1920 1783 972
f 2198 1119 1120 1477
f 1037 1113 1793 1783
f 2198 690 881 1119
f 776 690 617 592
f 538 648 592 524
f 1128 1113 1817 1182
f 1927 1110 1182 1208
f 1229 1811 1158 1927
f 419 438 1671 538
f 1662 438 393 413
f 1811 1159 1224 1183
f 472 502 413 392
f 375 1895 488 472
f 1628 1895 375 374
f 1623 374 365 373
f 373 344 356 385
f 390 356 351 384
f 335 328 364 342
f 362 350 342 1993
f 384 362 383 414
f 1178 1224 1159 1209
f 1925 1178 1209 1177
f 1094 1925 1804 2112
f 2112 2106 1800 1094
f 1800 2106 1157 2098
f 1157 1138 1794 997
f 1921 1794 1924 1051
f 1014 1051 881 984
f 919 1911 851 984
f 685 1679 1911 703
f 635 611 547 685
f 600 611 1677 491
f 600 612 1690 561
f 493 525 561 1690
f 463 493 515 475
f 539 476 449 475
f 435 476 505 497
f 464 497 517 512
f 357 1893 2001 1642
f 1642 483 467 418
f 473 418 467 490
f 489 482 2012 473
f 387 1644 1893 341
f 387 380 391 444
f 1639 1640 461 391
f 462 1640 464 512
f 399 366 358 379
f 366 359 372 363
f 417 2010 474 481
f 417 1895 1628 399 379
f 474 482 520 521
f 355 343 372 377
f 397 389 364 355
f 137 129 130 1519
f 130 1513 1958 1517
f 1514 116 110 1957
f 115 1957 98 111
f 90 94 103 111
f 106 110 116 1958
f 96 1956 105 108
f 1955 92 1954 96
f 117 105 112 119
f 119 1512 128 1522
f 92 1955 94 91
f 121 129 132 128
f 1477 1768 1771 1920
f 1783 1920 1118 1037
f 1119 1195 1170 1120
f 1120 1121 1768 1477
f 1037 1194 1817 1113
f 690 776 2059 881
f 1051 1924 1119 881
f 776 592 648 727
f 1671 549 648 538
f 1208 1182 1817 1249
f 1927 1208 1257 1229
f 1263 1159 1811 1229
f 1662 514 1671 438
f 413 502 1667 1662
f 502 472 488 509
f 481 488 1895 417
f 374 1623 1637 1628
f 373 385 411 1623
f 398 385 356 390
f 414 415 390 384
f 364 389 1993 342
f 362 1993 407 383
f 383 443 430 414
f 1209 1159 1263 1304
f 1304 1237 1177 1209
f 1177 1237 1804 1925
f 1805 2112 1804 1223
f 1805 1180 2106 2112
f 1138 1157 2106 1180
f 1794 1138 1149 1924
f 881 2059 919 984
f 919 2063 703 1911
f 703 2046 635 685
f 2167 1677 611 635
f 491 1677 467 483
f 491 2169 612 600
f 631 679 1690 612
f 515 493 1690 679
f 475 515 570 539
f 539 562 505 476
f 517 497 505 516
f 512 517 564 1688
f 1643 2001 1893 1644
f 2001 1669 483 1642
f 490 467 1677 2167
f 1691 489 473 490
f 567 520 482 489
f 431 1644 387 444
f 484 444 391 461
f 462 468 461 1640
f 1688 1685 462 512
f 399 386 359 366
f 377 372 359 1624
f 481 474 521 510
f 1628 1637 386 399
f 521 520 588 558
f 404 397 355 377
f 425 408 389 397
f 129 121 1513 130
f 113 106 1958 1513
f 98 1957 110 99
f 111 98 93 90
f 86 91 94 90
f 110 106 102 99
f 1956 96 1954 88
f 101 112 105 1956
f 68 84 1954 92
f 1512 119 112 107
f 1512 109 121 128
f 92 91 69 68
f 1050 2094 1771 1768
f 1118 1920 1771 1102
f 1118 1137 1194 1037
f 1119 1924 1149 1195
f 1170 1195 1829 1823
f 1121 1120 1170 1169
f 1050 1768 1121 1123
f 1249 1817 1194 1809
f 727 1741 2059 776
f 648 549 677 727
f 514 536 549 1671
f 1208 1249 1838 1257
f 1262 1263 1229 1257
f 1667 535 514 1662
f 509 537 1667 502
f 509 488 534 544
f 510 534 488 481
f 1637 1623 411 412
f 398 410 411 385
f 2000 398 390 415
f 415 414 430 452
f 1993 389 408 407
f 443 383 407 424
f 443 456 470 430
f 1262 1305 1304 1263
f 1304 1305 1291 1237
f 1223 1804 1237 1291
f 1805 1223 2194 1940
f 1940 1198 1180 1805
f 1180 1198 1149 1138
f 1741 2063 919 2059
f 664 2046 703 2063
f 610 2167 635 2046
f 483 1669 2169 491
f 612 2169 2023 631
f 631 643 708 679
f 679 708 570 515
f 570 639 562 539
f 516 505 562 571
f 516 623 564 517
f 1688 564 615 2028
f 1670 1669 2001 1643
f 1644 431 1650 1643
f 2167 610 1691 490
f 489 1691 642 1902
f 567 589 588 520
f 489 1902 599 567
f 1654 431 444 484
f 485 484 461 468
f 1685 522 468 462
f 1685 1688 2028 579
f 1624 359 386 416
f 377 1624 409 404
f 510 521 558 555
f 386 1637 412 416
f 558 588 609 630
f 397 404 426 425
f 457 442 408 425
f 121 109 113 1513
f 113 1510 102 106
f 99 1508 93 98
f 90 93 82 86
f 69 91 86 1505
f 1508 99 102 1507
f 88 1954 84 1953
f 88 87 101 1956
f 112 101 100 107
f 59 2146 84 68
f 97 109 1512 107
f 68 69 1505 59
f 2181 2094 1050 2100
f 1102 1771 2094 2105
f 1206 1137 1118 1102
f 1809 1194 1137 1176
f 1198 1829 1195 1149
f 1260 1823 1829 1828
f 1170 1823 1221 1169
f 1169 1148 1123 1121
f 2100 1050 1123 1122
f 1809 2119 1838 1249
f 677 758 1741 727
f 725 677 549 536
f 514 535 591 536
f 1262 1257 1838 1274
f 537 569 535 1667
f 544 560 537 509
f 534 556 557 544
f 510 555 556 534
f 411 410 437 412
f 2000 1636 410 398
f 452 436 2000 415
f 430 470 2009 452
f 407 408 442 424
f 451 456 443 424
f 477 1675 470 456
f 1274 1310 1305 1262
f 1305 1310 1845 1291
f 1845 2194 1223 1291
f 1940 2194 1306 1828
f 1828 1829 1198 1940
f 758 664 2063 1741
f 2046 664 2172 610
f 2023 2169 1669 1670
f 590 643 631 2023
f 708 643 654 709
f 709 639 570 708
f 562 639 638 571
f 571 2032 623 516
f 564 623 672 615
f 665 1904 2028 615
f 1643 1650 2017 1670
f 1654 492 1650 431
f 610 2172 642 1691
f 642 1722 702 1902
f 567 599 653 589
f 588 589 641 609
f 599 1902 702 1728
f 484 485 513 1654
f 485 468 522 511
f 1685 579 580 522
f 579 2028 1904 616
f 416 429 409 1624
f 1649 426 404 409
f 555 558 630 607
f 416 412 437 429
f 1721 701 630 609
f 425 426 2003 457
f 457 459 450 442
f 1510 113 109 97
f 1507 102 1510 1509
f 82 93 1508 89
f 81 1505 86 82
f 1506 89 1508 1507
f 1471 1953 84 2146
f 1953 1504 87 88
f 100 101 87 78
f 107 100 95 97
f 2146 59 58 70
f 59 1505 81 1878
f 1117 2105 2094 2181
f 2117 2181 2100 1075
f 2105 2108 1206 1102
f 1219 1176 1137 1206
f 1176 1265 2119 1809
f 1252 1221 1823 1260
f 1260 1828 1306 1855
f 1169 1221 1220 1148
f 1123 1148 1196 1122
f 1075 2100 1122 1818
f 1274 1838 2119 1250
f 677 725 1726 758
f 536 591 646 725
f 569 647 591 535
f 560 581 569 537
f 544 557 601 560
f 663 557 556 608
f 608 556 555 607
f 410 1636 453 437
f 436 460 1636 2000
f 2009 466 436 452
f 2009 470 1675 1666
f 424 442 450 451
f 451 1655 477 456
f 1676 1675 477 529
f 1338 1310 1274 1250
f 1338 2195 1845 1310
f 2195 1306 2194 1845
f 1726 2172 664 758
f 590 2023 1670 2017
f 577 654 643 590
f 724 723 709 654
f 709 723 638 639
f 571 638 2041 2032
f 623 2032 584 672
f 665 615 672 704
f 742 666 1904 665
f 2018 2017 1650 492
f 513 523 492 1654
f 2172 1726 1722 642
f 691 702 1722 646
f 684 653 599 1728
f 653 739 641 589
f 722 1721 609 641
f 702 691 737 1728
f 513 485 511 545
f 522 580 2021 511
f 579 616 645 580
f 616 1904 666 688
f 409 429 1656 1649
f 1649 1651 2003 426
f 630 701 675 607
f 1656 429 437 453
f 701 1721 757 721
f 457 2003 1657 459
f 465 450 459 487
f 97 95 1509 1510
f 1506 1507 1509 83
f 82 89 1499 81
f 1470 1499 89 1506
f 76 1504 1953 1471
f 2146 70 79 1471
f 1501 78 87 1504
f 100 78 85 95
f 1950 58 59 1878
f 55 1951 70 58
f 1878 81 1499 1498
f 1167 2108 2105 1117
f 2181 2117 1168 1117
f 1236 1222 2117 1075
f 1821 1219 1206 2108
f 1219 1928 1265 1176
f 2119 1265 1317 1250
f 1847 1220 1221 1252
f 1855 1323 1252 1260
f 1339 1855 1306 2195
f 1833 1196 1148 1220
f 1818 1122 1196 1834
f 1075 1818 1844 1236
f 646 1722 1726 725
f 646 591 647 691
f 647 569 581 668
f 581 560 601 633
f 667 601 557 663
f 629 2038 663 608
f 608 607 675 629
f 478 453 1636 460
f 466 500 460 436
f 466 2009 1666 480
f 499 1666 1675 1676
f 451 450 465 1655
f 529 477 1655 498
f 553 1684 1676 529
f 1250 1317 1351 1338
f 1351 1339 2195 1338
f 2017 2018 577 590
f 654 577 655 724
f 723 724 686 749
f 749 2041 638 723
f 2041 683 584 2032
f 584 768 704 672
f 704 741 742 665
f 666 742 773 744
f 2018 492 523 568
f 513 545 559 523
f 684 805 739 653
f 1728 737 738 684
f 722 641 739 759
f 772 757 1721 722
f 647 668 737 691
f 578 545 511 2021
f 580 645 614 2021
f 688 689 645 616
f 666 744 743 688
f 1656 458 1651 1649
f 1651 479 1657 2003
f 701 721 736 675
f 453 478 458 1656
f 782 721 757 797
f 459 1657 2011 487
f 487 507 506 465
f 95 85 83 1509
f 83 80 1470 1506
f 1499 1470 50 1498
f 1500 1501 1504 76
f 1471 79 74 76
f 79 70 1951 71
f 75 85 78 1501
f 51 55 58 1950
f 1498 54 1950 1878
f 72 73 1951 55
f 2108 1167 1205 1821
f 1168 1193 1167 1117
f 2117 1222 1197 1168
f 1241 1222 1236 1254
f 1290 1928 1219 1821
f 1299 1317 1265 1928
f 1220 1847 1251 1833
f 1323 1318 1847 1252
f 1342 1323 1855 1339
f 1834 1196 1833 1261
f 1834 1253 1844 1818
f 1254 1236 1844 1276
f 633 678 668 581
f 633 601 667 2042
f 663 2038 2043 667
f 662 762 2038 629
f 629 675 736 662
f 478 460 500 501
f 500 466 480 519
f 480 1666 499 533
f 499 1676 1684 574
f 1655 465 506 498
f 529 498 527 553
f 595 586 1684 553
f 1299 1352 1351 1317
f 1351 1352 1342 1339
f 568 655 577 2018
f 724 655 1717 686
f 749 686 761 750
f 749 750 683 2041
f 683 802 768 584
f 704 768 784 741
f 810 773 742 741
f 829 744 773 811
f 568 523 559 632
f 613 559 545 578
f 789 805 684 738
f 826 759 739 805
f 737 668 678 738
f 722 759 771 772
f 757 772 2056 797
f 614 644 578 2021
f 645 689 705 614
f 688 743 745 689
f 743 744 829 812
f 458 2016 479 1651
f 471 2011 1657 479
f 756 736 721 782
f 501 2016 458 478
f 825 1743 782 797
f 2011 1683 507 487
f 506 507 543 528
f 80 83 85 75
f 1469 40 50 1470 80 1500
f 1498 50 45 54
f 80 75 1501 1500
f 1469 1500 76 74 67
f 62 67 74 79 71
f 1951 73 63 71
f 1496 55 51 31
f 54 39 51 1950
f 77 73 72 66
f 55 1496 1497 72
f 1193 1841 1205 1167
f 1821 1205 2125 1290
f 1168 1197 1839 1193
f 1242 1197 1222 1241
f 1254 1284 1295 1241
f 2128 1299 1928 1290
f 1251 1847 1318 1333
f 1833 1251 2129 1261
f 1318 1323 1342 1341
f 1834 1261 1275 1253
f 1843 1276 1844 1253
f 1300 1284 1254 1276
f 2042 726 678 633
f 2043 692 2042 667
f 1733 2043 2038 762
f 2051 787 762 662
f 736 756 2051 662
f 501 500 519 530
f 519 480 533 532
f 499 574 566 533
f 1684 586 596 574
f 527 498 506 528
f 527 548 595 553
f 585 604 586 595
f 1329 1352 1299 2128
f 1352 1329 1341 1342
f 632 1717 655 568
f 761 686 1717 1723
f 761 831 837 750
f 837 802 683 750
f 768 802 836 784
f 741 784 809 810
f 844 811 773 810
f 811 879 861 829
f 1707 632 559 613
f 578 644 687 613
f 813 826 805 789
f 738 678 726 789
f 771 759 826 842
f 2056 772 771 827
f 797 2056 858 825
f 614 705 740 644
f 689 745 785 705
f 812 830 745 743
f 861 845 812 829
f 479 2016 508 471
f 518 1683 2011 471
f 804 756 782 1743
f 530 508 2016 501
f 825 900 2070 1743
f 507 1683 565 543
f 528 543 573 1692
f 67 1948 30 40 1469
f 45 50 40 30 1491
f 45 1490 39 54
f 1948 67 62 1947
f 71 63 60 62
f 61 63 73 77
f 22 31 51 39
f 31 24 41 1496
f 66 72 1497 1949
f 1952 65 77 66
f 1497 1496 41 1493
f 1839 2121 1841 1193
f 1841 1846 2125 1205
f 1316 2128 1290 2125
f 1242 1243 1839 1197
f 1241 1295 1296 1242
f 1312 1295 1284 1325
f 1333 1318 1341 1357
f 1333 1334 2129 1251
f 2129 1330 1275 1261
f 1253 1275 2127 1843
f 1843 1301 1300 1276
f 1300 1308 1325 1284
f 726 2042 692 788
f 775 692 2043 1733
f 762 787 1742 1733
f 846 787 2051 824
f 824 2051 756 804
f 530 519 532 554
f 532 533 566 598
f 574 596 587 566
f 604 624 596 586
f 1692 548 527 528
f 585 595 548 1701
f 717 1716 604 585
f 1316 1353 1329 2128
f 1357 1341 1329 1353
f 1723 1717 632 1707
f 1723 760 831 761
f 831 892 906 837
f 837 906 836 802
f 836 828 809 784
f 810 809 843 844
f 811 844 888 879
f 878 861 879 887
f 613 687 676 1707
f 644 740 798 687
f 842 826 813 847
f 789 726 788 813
f 877 827 771 842
f 827 857 858 2056
f 858 1766 900 825
f 740 705 785 786
f 865 785 745 830
f 812 845 863 830
f 845 861 878 864
f 518 471 508 2019
f 518 531 565 1683
f 1743 2070 884 804
f 554 2019 508 530
f 2070 900 2082 929
f 597 573 543 565
f 572 1692 573 625
f 30 1948 34 1489
f 1491 30 1489 20
f 1491 27 1490 45
f 22 39 1490 1945
f 1494 1947 62 60
f 1947 1492 34 1948
f 60 63 61 56
f 65 1503 61 77
f 1484 24 31 22
f 24 1946 38 41
f 1493 44 1949 1497
f 66 1949 53 1952
f 1502 1503 65 1952
f 41 38 33 1493
f 1842 2121 1839 1243
f 2121 1852 1846 1841
f 2125 1846 1321 1316
f 1243 1242 1296 1303
f 1309 1296 1295 1312
f 1312 1325 1335 1354
f 1363 1334 1333 1357
f 1330 2129 1334 1358
f 1330 2132 2127 1275
f 1843 2127 1322 1301
f 1326 1308 1300 1301
f 1335 1325 1308 1347
f 788 692 775 814
f 1733 1742 774 775
f 1749 1742 787 846
f 880 846 824 876
f 876 824 804 884
f 598 575 554 532
f 587 1702 598 566
f 587 596 624 1709
f 624 604 1716 652
f 572 1701 548 1692
f 1701 659 694 585
f 752 1737 1716 717
f 585 694 716 717
f 1316 1321 1368 1353
f 1353 1368 1363 1357
f 760 1723 1707 676
f 806 892 831 760
f 906 892 931 920
f 836 906 920 828
f 809 828 2071 843
f 843 886 888 844
f 887 879 888 889
f 944 878 887 945
f 676 687 798 783
f 786 860 798 740
f 813 788 814 847
f 847 867 877 842
f 877 901 857 827
f 857 918 1766 858
f 2082 900 1766 940
f 786 785 865 1752
f 862 865 830 863
f 863 845 864 891
f 933 864 878 944
f 2019 2033 531 518
f 576 597 565 531
f 899 884 2070 929
f 2019 554 575 2033
f 929 2082 1006 959
f 627 625 573 597
f 594 572 625 674
f 16 1489 34 21
f 13 20 1489 16
f 20 19 27 1491
f 1490 27 19 1945
f 1484 22 1945 1944
f 12 1492 1947 1494
f 60 56 32 1494
f 21 34 1492 18
f 1503 57 56 61
f 1485 1946 24 1484
f 15 38 1946 1487
f 33 49 44 1493
f 44 49 53 1949
f 1952 53 52 1502
f 64 57 1503 1502
f 29 33 38 15
f 1320 1852 2121 1842
f 1243 1303 1315 1842
f 1846 1852 1858 1321
f 2130 1303 1296 1309
f 1336 1309 1312 1354
f 1335 1378 1369 1354
f 1358 1334 1363 1376
f 1358 1359 2132 1330
f 2132 1348 1322 2127
f 1301 1322 2131 1326
f 1861 1347 1308 1326
f 1364 1378 1335 1347
f 775 774 832 814
f 799 774 1742 1749
f 1749 846 880 907
f 916 934 880 876
f 876 884 899 916
f 598 1702 628 575
f 1709 606 1702 587
f 1709 624 652 1908
f 1716 1737 1738 652
f 594 659 1701 572
f 694 659 734 1731
f 794 779 1737 752
f 769 752 717 716
f 1731 751 716 694
f 1350 1368 1321 1858
f 1376 1363 1368 1350
f 676 783 806 760
f 859 931 892 806
f 1767 2072 920 931
f 828 920 2072 2071
f 904 886 843 2071
f 963 889 888 886
f 945 887 889 996
f 944 945 2090 1026
f 798 860 807 783
f 860 786 1752 808
f 847 814 832 867
f 877 867 922 901
f 857 901 917 918
f 940 1766 918 960
f 1006 2082 940 930
f 862 905 1752 865
f 863 891 890 862
f 891 864 933 1777
f 944 1026 978 933
f 531 2033 605 576
f 576 626 627 597
f 959 958 899 929
f 575 628 605 2033
f 1006 1022 991 959
f 674 625 627 1720
f 674 697 673 594
f 16 21 14 6
f 5 19 20 13
f 13 16 6 2
f 1944 1945 19 5
f 1485 1484 1944 7
f 18 1492 12 8
f 1488 12 1494 32
f 48 32 56 57
f 11 14 21 18
f 1486 1487 1946 1485
f 1487 17 26 15
f 1495 49 33 29
f 52 53 49 1495
f 1502 52 43 64
f 64 46 48 57
f 26 28 29 15
f 1320 1854 1858 1852
f 1315 1337 1320 1842
f 1313 1315 1303 2130
f 1336 1327 2130 1309
f 1336 1354 1369 1361
f 1478 1479 1369 1378
f 1376 1385 1359 1358
f 1360 1348 2132 1359
f 2131 1322 1348 1355
f 1326 2131 1377 1861
f 1347 1861 1387 1364
f 1364 1388 1478 1378
f 799 866 832 774
f 907 908 799 1749
f 934 947 907 880
f 934 916 974 975
f 958 974 916 899
f 606 640 628 1702
f 1908 698 606 1709
f 1908 652 1738 1914
f 779 795 1738 1737
f 659 594 673 734
f 734 1913 1740 1731
f 2069 856 779 794
f 838 794 752 769
f 716 751 778 769
f 1731 1740 1739 751
f 1858 1854 1857 1350
f 1857 1385 1376 1350
f 783 807 859 806
f 902 1767 931 859
f 942 961 2072 1767
f 904 2071 2072 961
f 886 904 964 963
f 889 963 1008 996
f 1025 2090 945 996
f 1071 1026 2090 1060
f 903 807 860 808
f 808 1752 905 885
f 866 922 867 832
f 949 917 901 922
f 917 976 960 918
f 930 940 960 992
f 1039 1022 1006 930
f 890 946 905 862
f 1777 921 890 891
f 1777 933 978 979
f 978 1026 1071 1042
f 576 605 661 626
f 626 660 1720 627
f 991 1038 958 959
f 605 628 640 661
f 1789 991 1022 1090
f 1720 696 697 674
f 673 697 719 1730
f 4 6 14 11
f 5 13 2 1
f 1 2 6 4
f 1 7 1944 5
f 1486 1485 7 3
f 12 23 9 8
f 11 18 8 1483
f 1488 25 23 12
f 32 48 35 1488
f 10 17 1487 1486
f 17 23 25 26
f 47 1495 29 28
f 1495 47 43 52
f 43 42 46 64
f 48 46 42 35
f 25 37 28 26
f 1346 1854 1320 1337
f 1337 1315 1313 1372
f 1327 1356 1313 2130
f 1361 1328 1327 1336
f 1361 1369 1479 1370
f 1478 1389 2139 2133 1479
f 1359 1385 1381 1360
f 1355 1348 1360 1365
f 1355 1386 1377 2131
f 1862 1387 1861 1377
f 1387 1481 1388 1364
f 1389 1478 1388 1865 1480
f 908 893 866 799
f 908 907 947 948
f 947 934 975 967
f 1021 1005 975 974
f 1021 974 958 1038
f 640 606 699 700
f 1914 781 698 1908
f 606 698 720 699
f 1914 1738 795 2055
f 779 856 855 795
f 1913 734 673 1730
f 1745 854 1740 1913
f 913 856 2069 927
f 874 2069 794 838
f 769 778 2061 838
f 2058 778 751 1739
f 1740 854 853 1739
f 1854 1346 1863 1857
f 1385 1857 1863 1381
f 902 859 807 903
f 932 942 1767 902
f 977 962 961 942
f 962 964 904 961
f 963 964 1007 1008
f 996 1008 1041 1025
f 1025 1040 1060 2090
f 1060 1061 1063 1071
f 808 885 941 903
f 966 885 905 946
f 949 922 866 893
f 976 917 949 983
f 992 960 976 1024
f 930 992 1023 1039
f 1081 1090 1022 1039
f 946 890 921 1011
f 979 965 921 1777
f 1042 1010 979 978
f 1042 1071 1063 1062
f 661 695 660 626
f 696 1720 660 718
f 1079 1038 991 1789
f 700 695 661 640
f 1090 1116 1091 1789
f 696 2049 719 697
f 1730 719 2049 1732
f 4 11 1483 3
f 4 3 7 1
f 3 1483 10 1486
f 23 17 10 9
f 1483 8 9 10
f 35 37 25 1488
f 28 37 36 47
f 36 42 43 47
f 42 36 37 35
f 1337 1372 1374 1346
f 1349 1372 1313 1356
f 1356 1327 1328 1371
f 1371 1328 1361 1370
f 1370 1479 2133 1399
f 1480 2140 2139 1389
f 2133 2139 2136 2184
f 1365 1360 1381 1394
f 1355 1365 1395 1386
f 1862 1377 1386 1397
f 1481 1387 1862 1864
f 1388 1481 1482 1865
f 1480 1865 2185 1400
f 893 908 948 968
f 967 982 948 947
f 1919 967 975 1005
f 1070 1005 1021 2097
f 2097 1021 1038 1079
f 700 699 770 755
f 1914 2055 840 781
f 720 698 781 796
f 770 699 720 754
f 855 1751 2055 795
f 913 1751 855 856
f 1732 1745 1913 1730
f 823 854 1745 1746
f 927 2069 874 938
f 898 913 927 939
f 897 874 838 2061
f 778 2058 822 2061
f 853 928 2058 1739
f 823 2062 853 854
f 1375 1863 1346 1374
f 1394 1381 1863 1375
f 902 903 941 932
f 977 942 932 943
f 995 994 962 977
f 964 962 994 1007
f 1059 1041 1008 1007
f 1041 1072 1040 1025
f 1040 1072 1061 1060
f 1083 1063 1061 1072
f 980 941 885 966
f 946 1011 1012 966
f 968 983 949 893
f 983 1044 1024 976
f 1024 1058 1023 992
f 1039 1023 1101 1081
f 1116 1090 1081 1146
f 965 1009 1011 921
f 965 979 1010 1009
f 1062 1043 1010 1042
f 1062 1063 1083 1073
f 718 660 695 753
f 718 735 2049 696
f 1789 1091 1089 1079
f 700 755 753 695
f 2110 1100 1091 1116
f 2049 735 780 1732
f 1349 1384 1374 1372
f 1356 1371 1383 1349
f 1370 2196 1383 1371
f 2133 2184 1412 1399
f 1399 1867 1390 2196 1370
f 1400 1406 2140 1480
f 2136 2139 2140 1866
f 2184 2136 2137 1404
f 1394 1392 1395 1365
f 1386 1395 1398 1397
f 1397 1391 1864 1862
f 1864 2135 1482 1481
f 1407 2185 1865 1482
f 1400 2185 2141 1409
f 982 981 968 948
f 1028 982 967 1919
f 1005 1078 1057 1919
f 1005 1070 2102 1078
f 1114 1070 2097 1080
f 1079 1089 1080 2097
f 1746 755 770 823
f 839 840 2055 1751
f 781 840 1476 796
f 754 720 796 803
f 770 754 2062 823
f 898 839 1751 913
f 1732 780 1746 1745
f 2081 938 874 897
f 927 938 956 939
f 939 956 1773 898
f 2061 822 912 897
f 928 925 822 2058
f 853 2062 875 928
f 1375 1374 1384 1396
f 1396 1392 1394 1375
f 980 943 932 941
f 943 993 995 977
f 994 995 1092 1082
f 1007 994 1082 1059
f 1059 1083 1072 1041
f 980 966 1012 1027
f 1009 1787 1012 1011
f 983 968 981 1044
f 1058 1024 1044 2099
f 1023 1058 1132 1101
f 1081 1101 2107 1146
f 1146 1131 2110 1116
f 1009 1010 1043 1787
f 1043 1062 1073 1084
f 1082 1073 1083 1059
f 753 780 735 718
f 1089 1091 1100 1115
f 780 753 755 1746
f 1163 1801 1100 2110
f 1383 1382 1384 1349
f 1393 1382 1383 2196
f 1404 1411 1412 2184
f 1867 1399 1412 1405
f 1405 1408 1871 1390 1867
f 2196 1390 1402 1391 1393
f 1409 1419 1406 1400
f 1414 1866 2140 1406
f 1417 2137 2136 1866
f 1404 2137 1431 1427
f 1398 1395 1392 1396
f 1393 1391 1397 1398 1382
f 1391 1402 2135 1864
f 1407 1482 2135 1401
f 2185 1407 1868 2141
f 1409 2141 1415 1426
f 1028 1074 981 982
f 1919 1057 1093 1028
f 1088 1057 1078 2103
f 1087 2102 1070 1114
f 1078 2102 1144 2103
f 1080 1130 1129 1114
f 1130 1080 1089 1115
f 915 1476 840 839
f 1476 841 803 796
f 754 803 875 2062
f 1773 915 839 898
f 938 2081 957 956
f 897 912 937 2081
f 956 957 973 1773
f 912 822 925 896
f 928 875 2076 925
f 1396 1384 1382 1398
f 993 943 980 1027
f 995 993 1049 1092
f 1073 1082 1092 1084
f 1027 1012 1787 1064
f 1044 981 1074 2099
f 2099 1795 1132 1058
f 1155 2107 1101 1132
f 2107 2111 1131 1146
f 2110 1131 1165 1163
f 1084 1064 1787 1043
f 1100 1801 1799 1115
f 1163 1165 1807 1801
f 1427 1433 1411 1404
f 1418 1405 1412 1411
f 1408 1405 1418 1421
f 1872 1871 1408 1413
f 1390 1871 1869 1402
f 1426 1425 1419 1409
f 1406 1419 1429 1414
f 1410 1417 1866 1414
f 1417 1440 1431 2137
f 1441 1427 1431 1874
f 1401 2135 1402 1869
f 1403 1868 1407 1401
f 1868 1873 1415 2141
f 1415 1416 1438 1426
f 1028 1135 1085 1074
f 1088 1798 1093 1057
f 1028 1093 1803 1135
f 2103 1145 1161 1088
f 1152 1144 2102 1087
f 1114 1129 1813 1087
f 1145 2103 1144 1153
f 1130 2182 1154 1129
f 1115 1799 2182 1130
f 915 914 841 1476
f 841 2076 875 803
f 1773 973 914 915
f 937 973 957 2081
f 912 896 926 937
f 896 925 2076 926
f 1064 1049 993 1027
f 1084 1092 1049 1064
f 1085 1795 2099 1074
f 1132 1795 1136 1155
f 1155 1191 2111 2107
f 1131 2111 1164 1165
f 1217 1799 1801 1807
f 1807 1165 1164 1203
f 1446 1433 1427 1441
f 1433 1449 1418 1411
f 1421 1418 1449 1453
f 1421 1422 1413 1408
f 1871 1872 1870 1869
f 2145 1420 1872 1413
f 1426 1451 1447 1425
f 1434 1429 1419 1425
f 1414 1429 2144 1410
f 1439 1440 1417 1410
f 1448 1874 1431 1440
f 1442 1454 1441 1874
f 1401 1869 1870 1403
f 1436 1873 1868 1403
f 1416 1415 1873 1444
f 1455 1438 1416 1444
f 1426 1438 1457 1451
f 1085 1135 1939 1134
f 1161 1162 1798 1088
f 1093 1798 1133 1803
f 1803 2116 1939 1135
f 1214 1188 1161 1145
f 1153 1144 1152 1172
f 1087 1813 1185 1152
f 1154 1806 1813 1129
f 1153 1173 1214 1145
f 1225 1154 2182 2113
f 2113 2182 1799 1217
f 914 926 2076 841
f 926 914 973 937
f 1134 1136 1795 1085
f 1136 1808 1191 1155
f 1203 1164 2111 1191
f 1203 1204 1217 1807
f 1875 1449 1433 1446
f 1446 1441 1454 1458
f 1453 1449 1875 1876
f 1453 1450 1422 1421
f 1422 1423 2145 1413
f 1420 1437 1870 1872
f 2145 1456 1452 1420
f 1451 1458 1454 1447
f 1425 1447 1435 1434
f 1429 1434 2142 2144
f 1410 2144 2143 1439
f 1448 1440 1439 2143
f 1874 1448 1445 1442
f 1435 1447 1454 1442
f 1403 1870 1437 1436
f 1436 1443 1444 1873
f 1463 1457 1438 1455
f 1444 1443 1467 1455
f 1461 1458 1451 1457
f 1939 1175 1147 1134
f 1162 1161 1188 1189
f 1162 1190 1133 1798
f 2116 1803 1133 1815
f 1939 2116 2115 1175
f 1214 1213 1215 1188
f 1152 1185 1186 1172
f 1153 1172 1212 1173
f 1819 1185 1813 1806
f 1174 1806 1154 1225
f 1173 1187 1213 1214
f 1225 2113 1166 1192
f 1204 1166 2113 1217
f 1808 1136 1134 1147
f 1191 1808 1204 1203
f 1458 1461 1875 1446
f 1875 1461 1460 1876
f 1876 1462 1450 1453
f 1450 1464 1423 1422
f 1456 2145 1423 1424
f 1437 1420 1452 1459
f 1459 1452 1456 1877
f 1432 2142 1434 1435
f 2143 2144 2142 1430
f 2143 1430 1445 1448
f 1445 1432 1435 1442
f 1443 1436 1437 1459
f 1461 1457 1463 1460
f 1455 1467 1468 1463
f 1877 1467 1443 1459
f 1147 1175 1192 1166
f 1189 1188 1215 1234
f 1189 1216 1190 1162
f 1815 1133 1190 1820
f 1815 1218 2115 2116
f 1248 1192 1175 2115
f 1240 1215 1213 1232
f 1814 1186 1185 1819
f 1230 1212 1172 1186
f 1212 1231 1187 1173
f 1819 1806 1174 1211
f 1192 1248 1174 1225
f 1213 1187 1270 1232
f 1147 1166 1204 1808
f 1465 1462 1876 1460
f 1464 1450 1462 1465
f 1423 1464 1466 1424
f 1456 1424 1466 1877
f 1430 2142 1432 1445
f 1465 1460 1463 1468
f 1877 1466 1468 1467
f 1247 1234 1215 1240
f 1234 2120 1216 1189
f 1820 1190 1216 1822
f 1820 1826 1218 1815
f 2115 1218 1235 1248
f 1264 1233 1240 1232
f 1246 1230 1186 1814
f 1819 1211 1835 1814
f 1836 1231 1212 1230
f 1187 1231 2123 1270
f 1248 1235 1211 1174
f 1232 1270 1259 1264
f 1465 1468 1466 1464
f 2120 1234 1247 1929
f 1240 1233 1272 1247
f 1837 1822 1216 2120
f 1822 1831 1826 1820
f 1235 1218 1826 1827
f 1280 1272 1233 1264
f 1836 1230 1246 1258
f 1246 1814 1835 1268
f 1235 1827 1835 1211
f 2122 2123 1231 1836
f 2124 1259 1270 2123
f 1264 1259 2124 1280
f 1929 1247 1272 1281
f 2120 1929 1282 1837
f 1831 1822 1837 1273
f 1832 1827 1826 1831
f 1298 1281 1272 1280
f 1258 1246 1268 1278
f 1836 1258 1269 2122
f 1827 1832 1268 1835
f 1271 2124 2123 2122
f 1280 2124 1271 1298
f 1282 1929 1281 1294
f 1273 1837 1282 1289
f 1832 1831 1273 1283
f 1281 1298 1287 1294
f 1283 1278 1268 1832
f 1278 1279 1269 1258
f 2122 1269 1288 1271
f 1271 1288 1287 1298
f 1294 1286 1289 1282
f 1277 1283 1273 1289
f 1294 1287 1288 1286
f 1277 1279 1278 1283
f 1279 1286 1288 1269
f 1289 1286 1279 1277
