# AutoRemesher 1.0.0
# https://autoremesher.dust3d.org/
v -0.426105 -0.0920664 0.677524
v -0.450362 -0.0810877 0.68227
v -0.44579 -0.0525321 0.672743
v -0.444212 -0.100661 0.703499
v -0.458881 -0.0456012 0.690839
v -0.463089 -0.0644025 0.695122
v -0.438076 -0.0447896 0.671388
v -0.391308 -0.0855813 0.680734
v -0.4591 -0.085904 0.704899
v -0.402239 -0.0955255 0.686212
v -0.46324 -0.0449344 0.712204
v -0.41498 -0.0567457 0.663039
v -0.441332 -0.0235834 0.690561
v -0.418279 -0.103636 0.696087
v -0.450939 -0.03273 0.689742
v -0.464613 -0.0661329 0.717821
v -0.440216 -0.101538 0.713571
v -0.41197 -0.105517 0.714602
v -0.453066 -0.027474 0.709607
v -0.455986 -0.0866365 0.723813
v -0.429199 -0.0362316 0.672348
v -0.391765 -0.0636236 0.674461
v -0.436358 -0.102345 0.724976
v -0.392049 -0.0968869 0.704506
v -0.419054 -0.025992 0.680358
v -0.385777 -0.0938694 0.72437
v -0.407163 -0.103396 0.733374
v -0.435379 -0.0157177 0.70412
v -0.461446 -0.0653184 0.737309
v -0.460391 -0.0425464 0.733191
v -0.378072 -0.0534856 0.690279
v -0.400292 -0.0418269 0.672083
v -0.379629 -0.078352 0.697081
v -0.452014 -0.0860964 0.741144
v -0.390665 -0.0310084 0.689723
v -0.427314 -0.0980848 0.757432
v -0.447553 -0.0842252 0.759265
v -0.380955 -0.0906128 0.743717
v -0.372888 -0.0740171 0.716909
v -0.456645 -0.0398044 0.753092
v -0.457035 -0.0632559 0.756852
v -0.445036 -0.0205465 0.747114
v -0.371706 -0.0491647 0.711315
v -0.402927 -0.101155 0.75154
v -0.405475 -0.0129833 0.714422
v -0.367747 -0.0451943 0.732074
v -0.368494 -0.0703322 0.736938
v -0.40052 -0.0108274 0.734165
v -0.384335 -0.026115 0.710499
v -0.39844 -0.0976125 0.769725
v -0.452408 -0.0608052 0.776592
v -0.422861 -0.0954295 0.775513
v -0.442608 -0.082138 0.77788
v -0.417586 -0.0941417 0.794196
v -0.419688 -0.00667167 0.759456
v -0.451966 -0.0372239 0.772654
v -0.393559 -0.0950571 0.788443
v -0.371729 -0.0842683 0.781657
v -0.364186 -0.0421306 0.752396
v -0.448146 -0.0343254 0.792442
v -0.438341 -0.0799348 0.796845
v -0.449115 -0.0584838 0.796199
v -0.379605 -0.0236259 0.731309
v -0.359891 -0.0634068 0.775695
v -0.395844 -0.00852038 0.754054
v -0.375256 -0.0208935 0.750826
v -0.436577 -0.0150255 0.786604
v -0.434287 -0.0776071 0.816053
v -0.445064 -0.0558461 0.815569
v -0.388581 -0.0925913 0.807865
v -0.359362 -0.0393742 0.771766
v -0.367217 -0.0811994 0.800979
v -0.413657 -0.0912225 0.813384
v -0.415514 -0.00412108 0.780588
v -0.444556 -0.0310418 0.811931
v -0.391372 -0.00550441 0.773941
v -0.432108 -0.0121159 0.805829
v -0.44153 -0.052955 0.835016
v -0.384281 -0.0896111 0.827438
v -0.409178 -0.0885166 0.832544
v -0.386409 -0.00130494 0.793445
v -0.370873 -0.0178782 0.771099
v -0.429769 -0.0749157 0.83527
v -0.356156 -0.0600383 0.795407
v -0.362945 -0.0782527 0.820529
v -0.428129 -0.00914918 0.825198
v -0.411037 -0.00108819 0.79948
v -0.423541 -0.00520569 0.845049
v -0.350603 -0.0574593 0.814256
v -0.367018 -0.0150749 0.790185
v -0.4353 -0.026238 0.850479
v -0.425532 -0.0722617 0.854926
v -0.404565 -0.0855186 0.85196
v -0.35561 -0.0359148 0.791539
v -0.359152 -0.075328 0.840418
v -0.362946 -0.0119692 0.810396
v -0.406864 0.00208263 0.818926
v -0.431751 -0.0232022 0.870321
v -0.346781 -0.0544396 0.834058
v -0.380248 -0.087171 0.846884
v -0.382765 0.00141281 0.813286
v -0.403206 0.0046587 0.838365
v -0.419727 -0.00358523 0.863667
v -0.420822 -0.0699486 0.874429
v -0.400092 -0.0832467 0.871353
v -0.351391 -0.0330478 0.810672
v -0.347348 -0.0305208 0.830425
v -0.399575 0.00755719 0.857925
v -0.431987 -0.0481893 0.873831
v -0.355388 -0.0724584 0.859742
v -0.350672 -0.0702641 0.878713
v -0.342873 -0.0519431 0.853609
v -0.376058 -0.0844282 0.866256
v -0.378662 0.00381365 0.832732
v -0.416117 -0.00121878 0.884216
v -0.395341 -0.0803667 0.89061
v -0.371704 -0.081281 0.885211
v -0.391775 0.0127421 0.897159
v -0.427987 -0.0220018 0.889563
v -0.427803 -0.0463353 0.894131
v -0.346485 -0.0671454 0.897188
v -0.342173 -0.0279561 0.849877
v -0.358781 -0.00864391 0.82979
v -0.374926 0.0063843 0.852498
v -0.395697 0.0101107 0.877592
v -0.415854 -0.0675769 0.893622
v -0.367342 -0.0778202 0.904009
v -0.338666 -0.0495623 0.872623
v -0.354265 -0.00624067 0.849369
v -0.37142 0.00902267 0.871537
v -0.423433 -0.043879 0.913192
v -0.39109 -0.0772314 0.909869
v -0.335018 -0.0467373 0.891076
v -0.423454 -0.0193353 0.910002
v -0.41212 0.00124245 0.904246
v -0.411713 -0.0653143 0.913225
v -0.342282 -0.0641842 0.91535
v -0.330864 -0.0436061 0.909018
v -0.338578 -0.0251245 0.869049
v -0.387775 0.0155305 0.916809
v -0.367781 0.0116708 0.891353
v -0.362816 -0.0750284 0.922753
v -0.350088 -0.00330084 0.868756
v -0.403898 0.00769917 0.944678
v -0.363927 0.0150309 0.910185
v -0.419273 -0.01629 0.930202
v -0.337433 -0.0619037 0.933706
v -0.327321 -0.0401198 0.927338
v -0.384347 0.0193181 0.936486
v -0.407107 -0.0617764 0.93277
v -0.386785 -0.074855 0.92916
v -0.358174 -0.0728305 0.941702
v -0.331315 -0.0187119 0.90571
v -0.335086 -0.0220037 0.887607
v -0.346493 -0.000384729 0.887648
v -0.4157 -0.0374929 0.953889
v -0.416204 -0.012561 0.951132
v -0.419299 -0.0406354 0.933218
v -0.382138 -0.0734064 0.94895
v -0.415852 -0.00776103 0.973035
v -0.352385 -0.0736386 0.96174
v -0.330516 -0.0614729 0.952475
v -0.326717 -0.0151559 0.923588
v -0.343272 0.00254212 0.906121
v -0.33874 0.00573505 0.9243
v -0.415782 -0.0369881 0.97671
v -0.403582 -0.0594241 0.953108
v -0.319583 -0.0110733 0.941138
v -0.319554 -0.037558 0.944971
v -0.402605 0.015748 0.965547
v -0.379876 0.0263234 0.955876
v -0.378372 -0.0741068 0.970476
v -0.308977 -0.0350415 0.962899
v -0.355008 0.0252813 0.947574
v -0.333305 0.0110575 0.942322
v -0.401909 -0.0600294 0.975574
v -0.415863 -0.0347882 1.00052
v -0.344553 -0.0759003 0.983193
v -0.399959 0.0240484 0.986984
v -0.40057 -0.0614509 1.00021
v -0.415338 -0.00234646 0.997247
v -0.374515 -0.0765154 0.993789
v -0.336033 -0.074789 1.00496
v -0.320714 -0.0611266 0.971635
v -0.374857 0.0354262 0.976139
v -0.393612 -0.0587299 1.02486
v -0.310814 -0.00627924 0.9591
v -0.408613 0.00211366 1.02182
v -0.367848 -0.0747415 1.01693
v -0.311268 -0.0585007 0.992325
v -0.299252 -0.0315573 0.982755
v -0.393386 0.0286578 1.0105
v -0.359583 0.0443406 1.02144
v -0.367337 0.0404802 0.998165
v -0.347904 0.0336376 0.966702
v -0.325017 0.0181419 0.960568
v -0.408947 -0.0313081 1.02618
v -0.302371 -0.0545388 1.01308
v -0.301571 -0.0018553 0.978741
v -0.339974 0.0387103 0.987758
v -0.399006 0.00602719 1.04493
v -0.290092 -0.0281957 1.00318
v -0.316364 0.0234656 0.980719
v -0.383692 0.0323161 1.03375
v -0.331015 0.0423009 1.0091
v -0.292863 0.00141024 0.999061
v -0.37347 0.0365118 1.05698
v -0.398565 -0.0264426 1.0494
v -0.388293 0.0105203 1.06799
v -0.38447 -0.0542376 1.04705
v -0.326596 -0.0714784 1.0258
v -0.307357 0.0271056 1.00122
v -0.348462 0.0494692 1.04304
v -0.31725 -0.0678775 1.04614
v -0.293048 -0.0501287 1.03241
v -0.297702 0.0303893 1.0209
v -0.283761 0.00397677 1.01823
v -0.389196 -0.0218773 1.07295
v -0.281424 -0.0250652 1.02282
v -0.2757 0.00584397 1.03514
v -0.320845 0.0466811 1.03029
v -0.374735 -0.0503421 1.07011
v -0.361976 0.0420689 1.07948
v -0.307902 -0.0636223 1.06678
v -0.272675 -0.0227117 1.03772
v -0.338697 -0.0634196 1.08267
v -0.283474 -0.0461436 1.0474
v -0.288252 0.0326034 1.04017
v -0.377972 0.0163295 1.09132
v -0.337194 0.0526906 1.06473
v -0.349623 0.0483529 1.10267
v -0.310169 0.0499253 1.05054
v -0.365043 -0.0457416 1.093
v -0.275843 -0.0423898 1.05425
v -0.269588 -0.0391754 1.05655
v -0.262975 -0.022212 1.04529
v -0.379148 -0.0160465 1.09593
v -0.299428 -0.0597004 1.08956
v -0.27107 0.00779062 1.04498
v -0.278665 0.0333543 1.05956
v -0.369668 -0.00934722 1.1195
v -0.322481 -0.0540266 1.13167
v -0.367246 0.0229779 1.1147
v -0.339049 0.0520042 1.12682
v -0.356034 -0.0396025 1.11676
v -0.267611 0.0386942 1.08233
v -0.325796 0.0570242 1.08672
v -0.35564 0.0293187 1.13902
v -0.347592 -0.0332027 1.14183
v -0.314806 0.0617138 1.11092
v -0.288577 0.0566726 1.09447
v -0.359386 -0.00187078 1.1442
v -0.327171 0.057463 1.15242
v -0.315687 -0.0483964 1.15699
v -0.283047 -0.0523399 1.14126
v -0.213705 -0.119679 1.12745
v -0.343434 0.036247 1.16369
v -0.339267 -0.0259669 1.1673
v -0.229646 0.0500233 1.05265
v -0.34773 0.00608659 1.16942
v -0.30348 0.0661683 1.13806
v -0.308214 -0.0416541 1.18244
v -0.276839 -0.0484621 1.16845
v -0.232602 -0.0905802 1.02032
v -0.314976 0.062754 1.18007
v -0.2919 0.0718479 1.16824
v -0.276538 -0.0443397 1.19833
v -0.228021 0.0572043 1.1344
v -0.33784 0.0145539 1.19581
v -0.330816 -0.0169622 1.1928
v -0.208328 -0.142211 0.985385
v -0.216891 0.0667961 0.98177
v -0.215386 0.0756534 1.12484
v -0.254434 0.0794191 1.19836
v -0.304685 -0.0321609 1.2105
v -0.202882 0.108432 1.05953
v -0.219847 0.0349813 0.902619
v -0.326476 0.0233906 1.22234
v -0.316793 0.0495954 1.21895
v -0.321908 -0.00683032 1.21921
v -0.252391 -0.0368207 1.24846
v -0.277297 -0.0379466 1.22668
v -0.208639 -0.0927069 1.17747
v -0.265858 0.0825777 1.22063
v -0.300162 -0.0225856 1.23785
v -0.225454 -0.0483775 1.21478
v -0.221359 -0.00514532 0.885554
v -0.19524 0.110783 0.991729
v -0.302827 0.0593765 1.24631
v -0.298739 0.0692566 1.21347
v -0.232417 -0.0450936 1.25011
v -0.206857 -0.0744021 1.21615
v -0.313345 0.00364245 1.24574
v -0.266745 0.0851452 1.25207
v -0.276125 -0.029877 1.25456
v -0.282996 0.0774097 1.23748
v -0.288233 0.0685092 1.26727
v -0.294513 -0.0108741 1.26683
v -0.181954 -0.133932 1.19184
v -0.253352 -0.0317642 1.27266
v -0.202947 -0.103436 0.890157
v -0.239713 -0.0365131 1.28246
v -0.302171 0.0155867 1.27505
v -0.300209 0.0431658 1.27536
v -0.173546 -0.181126 0.959483
v -0.24752 0.09695 1.26008
v -0.270316 -0.0213856 1.2824
v -0.172002 -0.200793 1.00149
v -0.192909 -0.0935326 1.26327
v -0.183289 -0.109621 1.22697
v -0.173015 -0.161845 0.913517
v -0.285693 0.0528261 1.29962
v -0.197819 0.133359 1.18653
v -0.284194 -0.00146196 1.29529
v -0.179515 -0.1666 1.14896
v -0.162618 0.151209 0.996925
v -0.255066 -0.0185392 1.30322
v -0.22668 -0.0162819 1.33685
v -0.21249 -0.0423447 0.866961
v -0.231163 0.117664 1.26728
v -0.265909 0.00444955 1.318
v -0.199265 -0.0239282 0.825175
v -0.172286 -0.140546 0.866201
v -0.205977 0.00731524 0.837953
v -0.289217 0.0242354 1.30201
v -0.16915 -0.107419 1.3153
v -0.115107 -0.149584 1.2803
v -0.263183 0.0605277 1.31614
v -0.209962 0.150811 1.2924
v -0.185765 -0.0579059 0.811016
v -0.176769 0.123756 0.875298
v -0.269314 0.0307823 1.3216
v -0.19405 0.162251 1.31728
v -0.162221 -0.0872423 0.790106
v -0.133174 -0.168391 0.841901
v -0.130674 -0.192177 0.88661
v -0.128728 -0.211205 0.931826
v -0.168148 0.151164 1.05839
v -0.106638 -0.25062 1.10783
v -0.186769 0.0782191 0.773213
v -0.20924 0.125629 1.34008
v -0.195854 0.0139806 1.39125
v -0.126929 -0.227389 1.13586
v -0.202112 -0.0157183 0.791559
v -0.1442 0.163516 0.882815
v -0.115495 0.187009 0.941211
v -0.127997 -0.136445 1.31679
v -0.184864 -0.0452336 0.779838
v -0.10291 0.191416 0.886128
v -0.168395 0.130864 0.820318
v -0.0801896 -0.26346 1.09901
v -0.133675 0.170741 0.834939
v -0.127046 0.184737 1.05847
v -0.195297 0.0952673 1.38158
v -0.0922435 -0.224906 1.18124
v -0.196208 0.0668754 0.747905
v -0.160418 -0.070097 0.762446
v -0.127744 -0.140877 0.804921
v -0.150885 0.134806 0.779409
v -0.187543 0.133128 1.36803
v -0.186968 -0.0376323 0.751779
v -0.128563 -0.112129 0.768692
v -0.0775658 -0.22963 0.909365
v -0.167051 0.0971027 0.758359
v -0.192134 -0.0363166 0.725576
v -0.160857 -0.0569041 0.739644
v -0.0690825 0.209214 0.942179
v -0.130792 -0.0845359 0.740098
v -0.217871 0.012899 0.730993
v -0.0816067 -0.18748 0.822827
v -0.202119 0.060917 0.720482
v -0.0775043 0.206224 0.998799
v -0.0469055 -0.274786 1.08852
v -0.11769 0.173218 0.793936
v -0.0903756 0.199742 0.840222
v -0.205556 0.0573228 0.693133
v -0.0838559 0.236962 1.24287
v -0.170586 0.134435 1.39407
v -0.152547 0.198323 1.32729
v -0.173987 0.0997103 1.40501
v -0.211585 -0.0159347 0.703406
v -0.194429 -0.0371265 0.700614
v -0.131061 -0.0664988 0.723498
v -0.127446 0.135738 0.747947
v -0.0835547 0.221363 1.1903
v -0.0304161 0.216805 0.998464
v -0.16974 0.193265 1.28679
v -0.167992 -0.0493188 0.696879
v -0.133644 -0.0555739 0.707717
v -0.070464 -0.265663 0.994692
v -0.187337 0.0720028 0.684092
v -0.182349 0.0750981 0.709737
v -0.0335819 0.219584 1.0547
v -0.219999 0.00959605 0.702813
v -0.21718 0.0347841 0.699927
v -0.208049 0.053572 0.665434
v -0.157444 0.0812595 0.698054
v -0.0567795 0.210774 0.889748
v -0.0249223 -0.175416 1.28632
v -0.163815 0.0238594 1.42117
v -0.0409182 -0.26398 1.13624
v -0.213375 -0.018065 0.676556
v -0.196431 -0.0375947 0.676727
v -0.171499 -0.0502168 0.674405
v -0.22108 0.00672017 0.67481
v -0.138032 -0.0509012 0.691446
v -0.0815641 -0.156571 0.784858
v -0.134327 0.0793545 0.685611
v -0.0321987 0.245973 1.23008
v -0.140191 0.0624259 1.46577
v -0.127758 0.0870046 0.700832
v -0.163729 0.0791351 0.674871
v -0.190748 0.0694564 0.658265
v -0.171891 0.0626105 1.41534
v -0.0175288 -0.197196 1.25543
v -0.0370027 -0.122127 1.39687
v -0.116787 -0.0930121 1.39476
v -0.128404 -0.0475578 1.42287
v -0.130513 -0.00670598 1.44141
v -0.198908 -0.0393073 0.651605
v -0.0287929 -0.192264 0.808044
v -0.0214897 -0.23754 0.89369
v -0.0959989 0.170138 0.759605
v -0.0238491 0.219276 0.942758
v -0.150519 0.179026 1.45489
v -0.152837 0.0638188 1.43819
v -0.114491 -0.0421111 1.43941
v -0.00610896 -0.251282 1.17433
v -0.143576 0.0754126 0.641352
v -0.167885 0.0772715 0.649531
v 0.0181553 -0.178501 1.28224
v -0.102149 -0.0764071 1.41988
v -0.215128 -0.019611 0.650667
v -0.200381 -0.0406948 0.626539
v -0.219381 0.0319694 0.671231
v -0.113016 0.0708489 0.670837
v 0.0117104 0.22162 0.944182
v -0.140531 0.211226 1.39994
v -0.109628 -0.0406094 1.45624
v -0.222806 0.0045142 0.647771
v -0.176569 -0.0523193 0.626434
v -0.145932 -0.052441 0.649699
v -0.0377904 -0.133889 0.731372
v -0.0855708 -0.12771 0.746666
v -0.0597504 0.19309 0.767093
v -0.210607 0.0506268 0.638151
v -0.105642 0.078192 0.684496
v -0.118108 0.0666493 0.654649
v -0.195211 0.0646919 0.604914
v -0.00590902 -0.282198 1.07503
v -0.174558 -0.0509827 0.650912
v -0.119419 -0.041334 0.647932
v -0.220987 0.0291687 0.643491
v -0.114554 -0.0402381 0.668292
v -0.0395877 0.219656 0.798926
v -0.213439 0.0486918 0.61148
v -0.170486 0.0753233 0.624082
v 0.0143434 0.217475 0.998548
v -0.155783 0.137491 1.46189
v -0.123214 0.0277558 1.48992
v -0.0644073 -0.0898103 1.43384
v -0.0899014 -0.0693089 1.45394
v -0.0131512 -0.280623 1.02422
v -0.00172932 -0.272264 1.12638
v -0.0174827 -0.271646 0.979108
v -0.214836 0.0470463 0.585048
v -0.0968062 0.0521807 0.662161
v -0.0186588 0.221211 0.892892
v -0.151421 0.0975818 1.46542
v -0.133503 0.216347 1.44609
v -0.0625201 -0.0894169 1.4507
v 0.0346084 -0.251321 1.16691
v -0.224404 0.00247115 0.621767
v -0.223382 0.027102 0.617183
v -0.123159 0.0651756 0.610558
v -0.145721 0.0747014 0.616952
v -0.0143886 0.230985 0.84641
v -0.177637 -0.0540439 0.60213
v -0.148649 -0.0539209 0.625581
v -0.123071 -0.044058 0.62445
v -0.0497502 -0.102115 0.704369
v -0.0166613 0.238887 0.805099
v -0.22505 0.0251896 0.591232
v -0.0777695 0.0707759 0.676475
v -0.146857 0.0738216 0.592095
v 0.0155654 0.222166 1.0535
v 0.049377 0.212384 0.893197
v -0.127555 0.0595424 1.49667
v -0.218145 -0.0232898 0.599712
v -0.225838 0.00038158 0.596216
v -0.150451 -0.0553311 0.601833
v -0.0946333 -0.0225917 0.661994
v -0.0642907 -0.0670699 0.686519
v 0.0302173 -0.232275 0.882489
v -0.016744 0.244372 0.778022
v -0.12098 0.0658523 0.634229
v -0.0342395 0.264938 1.31472
v 0.0522326 -0.147723 1.35381
v 0.00306974 -0.125745 1.39604
v -0.121314 -0.00760605 1.4835
v -0.178594 -0.0559906 0.577903
v -0.100836 -0.0225213 0.645429
v -0.0835057 -0.0238543 0.671727
v 0.028224 -0.212622 0.839021
v 0.024984 -0.184778 0.79888
v 0.0849195 -0.215597 0.878396
v -0.0304693 0.216259 0.748488
v -0.0859118 0.0298692 0.655941
v -0.101232 0.0487293 0.647718
v -0.105494 0.0472423 0.605539
v -0.124563 0.0643696 0.586775
v -0.196684 0.0634777 0.578475
v 0.0951708 -0.138285 1.34782
v -0.109301 -0.0436315 1.47866
v -0.134426 0.0907904 1.50265
v 0.0721271 -0.19159 1.24396
v 0.0378819 -0.27929 1.06387
v -0.219402 -0.0253346 0.574503
v -0.0289508 0.201113 0.743554
v -0.215887 0.0464926 0.559172
v -0.0662285 0.0433703 0.666694
v -0.0776018 0.035327 0.664345
v -0.103708 0.048231 0.628299
v -0.148226 0.0714196 0.567297
v -0.198028 0.0626565 0.553138
v 0.0604179 0.209733 0.999609
v -0.120982 0.207292 1.49392
v -0.0887022 -0.0736353 1.47595
v -0.120796 -0.0151613 1.51458
v 0.0745397 -0.216493 1.20305
v 0.0373126 -0.277194 1.01401
v -0.151975 -0.0566375 0.577931
v -0.126922 -0.0478987 0.577397
v -0.12527 -0.0460663 0.601068
v 0.0218395 -0.155258 0.757115
v -0.028449 0.22964 0.743346
v -0.174603 0.0710818 0.547508
v -0.0489862 0.152162 0.711544
v -0.13517 0.172117 1.49971
v 0.105821 -0.158587 1.27011
v 0.0457576 -0.125766 1.3909
v 0.0751436 -0.262436 1.11245
v -0.227316 -0.00133334 0.570726
v -0.153483 -0.057888 0.55371
v -0.128913 -0.0491605 0.553373
v -0.103871 -0.0252019 0.623307
v -0.0911408 0.00148161 0.642535
v -0.0947661 -0.000817398 0.622715
v -0.074177 0.00430733 0.663567
v -0.0158946 0.249648 0.758254
v -0.0263825 0.224135 0.723573
v -0.125275 0.0618172 0.562492
v -0.0334521 0.282522 1.36048
v -0.106683 0.250992 1.43475
v -0.0288601 -0.101806 1.44552
v -0.120953 0.0111497 1.55572
v -0.20315 -0.0462692 0.551682
v -0.226357 0.0237217 0.565485
v -0.179846 -0.0570427 0.552461
v -0.130592 -0.050812 0.529235
v -0.106155 -0.0275769 0.600227
v -0.0837936 0.00285695 0.655073
v 0.0119429 0.240491 0.80809
v -0.0259396 0.240439 0.732509
v -0.198793 0.0613896 0.529535
v -0.217017 0.0446802 0.53483
v -0.0592244 0.091275 0.67824
v -0.00798655 0.0755093 0.664071
v -0.0944457 0.0249965 0.624311
v -0.107523 0.043843 0.55838
v 0.0634229 0.212506 1.14609
v 0.114863 -0.174808 1.23556
v -0.0894331 -0.0809064 1.50451
v -0.060596 -0.0948032 1.47118
v -0.10963 -0.0506373 1.50941
v 0.0803164 -0.268436 1.06187
v -0.228031 -0.00289567 0.545673
v -0.219744 -0.0269509 0.549232
v -0.0958838 -0.00260243 0.60046
v 0.0817594 -0.196068 0.835967
v -0.227249 0.0222456 0.540666
v -0.0957642 0.0235242 0.602025
v -0.149479 0.070245 0.542843
v 0.00916533 -0.104644 1.44271
v -0.120318 -0.0244422 1.5501
v -0.20447 -0.0480422 0.526572
v -0.181291 -0.0584618 0.528464
v -0.155183 -0.0591872 0.529233
v 0.0863166 -0.233073 0.92517
v -0.0149975 0.255126 0.741661
v -0.0200207 0.211487 0.716944
v -0.0281732 0.238863 0.698301
v -0.228911 0.0211367 0.516116
v -0.126262 0.0597818 0.538268
v -0.150091 0.068688 0.518389
v -0.175676 0.0700745 0.523494
v 0.0712766 0.218651 1.17586
v -0.098348 0.24084 1.48627
v 0.0402894 -0.0989797 1.42865
v -0.0977738 -0.0052356 0.577274
v -0.0228518 -0.0587543 0.674972
v 0.12755 -0.170735 0.840658
v 0.0223963 0.243096 0.757403
v -0.00727138 0.205611 0.712879
v -0.0408111 0.0195262 0.660809
v -0.106876 0.0455838 0.582201
v -0.108985 0.041477 0.534376
v 0.0625963 0.210183 1.10764
v 0.0150434 0.266047 1.31025
v 0.0390141 -0.106842 1.41522
v -0.024561 -0.107722 1.46763
v -0.111503 0.0448118 1.56298
v -0.229553 -0.0045094 0.520751
v -0.182626 -0.0600362 0.503241
v -0.107711 -0.029674 0.576894
v 0.0720194 -0.137664 0.751564
v 0.0589838 -0.110099 0.715431
v 0.136935 -0.224538 0.97436
v 0.0267202 0.233394 0.772309
v 0.0310371 0.224668 0.761538
v -0.0232268 0.254954 0.705511
v -0.00796199 0.2104 0.699118
v -0.177201 0.0689793 0.49973
v 0.0137247 0.284362 1.35287
v 0.0625815 0.252702 1.30864
v -0.102089 0.1833 1.53729
v -0.116385 0.112322 1.53867
v -0.0613948 -0.11003 1.53364
v -0.118027 -0.0329981 1.58551
v 0.113088 -0.245461 1.10989
v 0.143607 -0.225844 1.10626
v -0.221351 -0.02909 0.524144
v -0.157653 -0.061066 0.504658
v -0.132441 -0.0525787 0.50549
v -0.109461 -0.0313733 0.553176
v 0.0766647 -0.167104 0.795224
v 0.0302673 0.225849 0.751034
v 0.0210671 0.247921 0.74347
v 0.0104213 0.211367 0.696062
v -0.00960048 0.212825 0.684909
v -0.229447 0.0197936 0.491055
v 0.0461637 0.067086 0.667644
v -0.126929 0.0581515 0.513888
v 0.00936463 0.207018 0.710164
v 0.0225675 0.213311 0.7236
v 0.0636396 0.213523 1.05353
v -0.113098 0.149128 1.53961
v -0.10911 -0.0582534 1.54257
v -0.100996 0.0699857 1.5687
v -0.231662 -0.00605911 0.495611
v 0.0842522 -0.263995 1.01281
v 0.00639711 0.260808 0.729347
v -0.0252806 0.225947 0.676681
v -0.199629 0.0600917 0.504903
v -0.219307 0.0430865 0.510677
v -0.099071 -0.00728769 0.553703
v -0.0998045 0.0172648 0.531421
v -0.110108 0.0395502 0.510259
v -0.127998 0.0563007 0.490473
v -0.151149 0.066565 0.494705
v 0.110692 0.195011 1.05522
v 0.117531 0.20182 1.17892
v 0.122102 0.225217 1.26599
v 0.10245 0.196428 0.945309
v 0.0797857 0.195046 0.791417
v -0.0264646 -0.123112 1.5311
v -0.118942 0.0021492 1.59312
v 0.160218 -0.197311 1.13688
v -0.205155 -0.0490669 0.501828
v -0.183948 -0.062471 0.477577
v 0.130108 -0.240855 1.01836
v 0.0210973 0.252084 0.728817
v -0.00962077 0.272723 0.696861
v -0.0279195 0.27227 0.675338
v 0.0099365 0.212937 0.681875
v -0.0106452 0.214445 0.670003
v -0.200471 0.0591832 0.480289
v -0.218944 0.0423733 0.48588
v 0.111403 0.229094 1.30955
v 0.140032 -0.133171 1.29458
v 0.0861082 -0.120376 1.38262
v 0.0471079 -0.101961 1.46679
v 0.0120253 -0.117799 1.49691
v -0.0594013 -0.115091 1.56772
v -0.107404 -0.0660898 1.57821
v -0.222644 -0.0305059 0.499094
v -0.206655 -0.0515657 0.475821
v -0.159317 -0.0637658 0.479303
v 0.0207523 -0.0443055 0.668686
v -0.035239 0.250696 0.668769
v -0.231252 0.0199009 0.466261
v -0.100995 0.0155339 0.507243
v -0.177257 0.0677375 0.475041
v -0.0997137 0.129737 1.57171
v -0.111442 -0.0334437 0.528996
v 0.021368 0.255695 0.714284
v -0.011121 0.285002 0.681473
v 0.023223 0.219482 0.709818
v -0.0135005 0.213187 0.65503
v -0.111414 0.0378646 0.48729
v -0.12944 0.0550373 0.466848
v -0.152408 0.0654517 0.470577
v 0.0939282 0.195279 0.889689
v -0.0839155 0.215213 1.53222
v -0.0672643 0.265218 1.47573
v -0.0296811 0.281899 1.46466
v -0.0325136 0.290196 1.41159
v 0.0738366 -0.0855473 1.46818
v 0.0100952 -0.12576 1.53056
v -0.0871599 -0.0939731 1.5721
v -0.223708 -0.0321042 0.47347
v -0.134935 -0.0543941 0.480287
v 0.0285441 0.242707 0.697574
v 0.0217973 0.26062 0.699453
v 0.00741996 0.271761 0.699108
v 0.0240615 0.223409 0.695866
v -0.201398 0.0592789 0.455548
v -0.220728 0.0420576 0.461325
v -0.153901 0.0656356 0.445731
v 0.0401119 0.138715 0.699738
v 0.0609501 0.27077 1.351
v 0.143826 0.168922 0.944784
v -0.0584808 0.239229 1.52522
v 0.168692 -0.104642 1.32364
v -0.208122 -0.0539619 0.45072
v -0.185471 -0.0661186 0.452657
v -0.11293 -0.034702 0.504717
v -0.100598 -0.00923906 0.529581
v 0.030355 0.246579 0.683119
v -0.0352308 0.229394 0.645404
v -0.0401586 0.255811 0.651491
v 0.0089977 0.207168 0.633378
v 0.0284278 0.226563 0.666355
v -0.0323694 0.280817 0.657627
v -0.231762 0.0178462 0.441398
v -0.102214 0.0126734 0.483381
v -0.178328 0.0680099 0.45004
v -0.0731332 0.185643 1.56874
v 0.122527 -0.108017 1.37552
v 0.0458915 -0.108911 1.49823
v -0.09836 -0.0700948 1.61362
v -0.0756249 0.0596834 1.64014
v -0.107759 -0.0402736 1.62054
v -0.160339 -0.0676602 0.454432
v -0.102138 -0.0110291 0.505135
v 0.119034 -0.141149 0.799511
v 0.0242972 0.268246 0.684554
v 0.00543927 0.204884 0.618328
v 0.0323023 0.224842 0.649701
v -0.033719 0.285357 0.638297
v -0.220228 0.0409014 0.43682
v -0.102801 -0.012087 0.482
v 0.0664028 0.176595 0.745508
v 0.148494 0.164817 1.00269
v 0.012425 0.286994 1.45651
v 0.0588408 0.281595 1.40002
v 0.155633 -0.0909965 1.36488
v -0.10915 -0.00769249 1.62686
v -0.138977 -0.0584341 0.432301
v 0.0551742 -0.0286281 0.67011
v 0.0100127 0.283012 0.684678
v -0.0119787 0.294003 0.663664
v -0.0201589 0.211733 0.621439
v -0.04232 0.258746 0.633024
v -0.118371 0.032667 0.415997
v 0.150429 0.164181 1.11117
v 0.156969 0.178215 1.18469
v 0.132916 0.172491 0.835295
v -0.0259505 0.257874 1.51676
v 0.174182 -0.110852 1.28034
v 0.200052 -0.0801919 1.30433
v -0.0262312 -0.127419 1.5652
v -0.0974807 0.0266416 1.63592
v 0.163742 -0.213621 1.07273
v -0.225335 -0.0338022 0.44825
v -0.186034 -0.0647231 0.428636
v 0.119181 -0.0751869 0.721136
v 0.033875 0.223273 0.631802
v -0.0326016 0.287105 0.618121
v 0.0874289 0.0548223 0.670588
v -0.13408 0.0521958 0.418661
v -0.155234 0.0628846 0.422409
v -0.178642 0.0663912 0.426334
v 0.150315 0.167574 1.15067
v 0.135967 0.169025 0.887104
v 0.125874 0.164301 0.785053
v 0.104328 0.146637 0.737576
v -0.0512836 0.206658 1.56569
v 0.010265 0.264655 1.50935
v -0.0548174 -0.115466 1.60241
v -0.025291 -0.127343 1.59898
v -0.10107 -0.0476644 1.65557
v -0.104817 -0.0138438 0.457815
v 0.17168 -0.157324 0.895791
v 0.0121813 0.293156 0.667417
v -0.0383506 0.23399 0.609698
v 0.0406773 0.252636 0.649497
v -0.038476 0.264218 0.596609
v -0.0421776 0.262235 0.614954
v -0.0130585 0.300008 0.641829
v -0.201234 0.0582262 0.431467
v 0.163306 0.193697 1.22528
v -0.0690375 0.167224 1.60372
v 0.0552238 0.278196 1.45252
v 0.139311 -0.0722896 1.39885
v 0.160924 -0.0612075 1.38985
v 0.13974 -0.0250809 1.42608
v -0.0530476 -0.119123 1.6353
v -0.0765676 -0.100348 1.64172
v -0.0903806 0.114909 1.60357
v -0.0920158 0.0105179 1.67108
v -0.23012 -0.00862587 0.420635
v -0.206912 -0.051919 0.426337
v -0.185148 -0.0569942 0.406205
v -0.143097 -0.0529422 0.409765
v -0.105345 0.0094296 0.43589
v 0.0856943 -0.0188771 0.667328
v 0.182113 -0.183881 0.987821
v -0.216823 0.0370371 0.413128
v -0.227629 0.0157939 0.41694
v 0.110311 0.0790871 0.686696
v 0.190474 -0.115361 1.19996
v 0.11239 -0.0393581 1.44554
v 0.101642 -0.0718862 1.54214
v 0.0458503 -0.117319 1.53245
v 0.0082818 -0.130245 1.56493
v 0.0435797 -0.122172 1.56753
v -0.101299 -0.0182658 1.66278
v -0.222866 -0.0325109 0.423708
v -0.16165 -0.0671229 0.431053
v -0.107498 -0.01581 0.435342
v 0.0731382 -0.0220678 0.67161
v 0.0761669 0.00588805 0.662198
v 0.0352707 0.250329 0.667319
v 0.0298527 0.276395 0.667854
v 0.0343967 0.281735 0.64877
v 0.0309143 0.226659 0.595003
v 0.033583 0.223858 0.613114
v -0.178307 0.0582068 0.405222
v 0.123853 0.0689851 0.650284
v 0.0988849 0.052495 0.661511
v 0.0867078 0.0299325 0.654305
v -0.15775 0.0555191 0.401286
v 0.183328 0.128585 1.00595
v -0.0242685 0.195973 1.60539
v -0.0609904 0.152518 1.62907
v 0.189378 -0.0688939 1.34822
v -0.0926479 -0.0755103 1.64921
v -0.0743689 0.0332152 1.68166
v -0.20442 -0.0459703 0.403753
v -0.164167 -0.0598859 0.4082
v -0.125259 -0.037388 0.410725
v 0.0942868 -0.0184052 0.657576
v -0.0360022 0.23955 0.593642
v -0.0208966 0.219463 0.587333
v 0.0431271 0.253693 0.630619
v 0.0423389 0.254226 0.610627
v -0.0343496 0.266677 0.580588
v 0.0713728 0.105639 0.689245
v 0.142319 0.202017 1.35574
v 0.00686266 -0.129923 1.5988
v 0.0391171 -0.122392 1.60176
v -0.0246081 -0.130346 1.63075
v 0.0064286 -0.133124 1.63037
v -0.0714328 0.103327 1.63086
v -0.21814 -0.02835 0.401218
v -0.114158 -0.0157067 0.411958
v 0.122318 -0.0594646 0.708358
v 0.00460584 0.216136 0.581424
v -0.0126926 0.302116 0.620504
v -0.19893 0.0522653 0.409058
v -0.212713 0.0322365 0.391474
v -0.222791 0.0138961 0.394903
v 0.104549 0.0514098 0.644647
v 0.0932072 0.0291566 0.639974
v -0.11235 0.00840045 0.414048
v -0.139778 0.0451136 0.398064
v -0.159853 0.0507539 0.380827
v 0.165123 0.139041 0.833625
v -0.048606 0.184877 1.60472
v 0.00600254 0.22835 1.55605
v 0.199836 -0.0851663 1.26285
v 0.201183 -0.0817609 1.2251
v -0.0686165 0.130246 1.62994
v -0.0494135 0.0629357 1.66673
v -0.0479825 0.102449 1.64985
v -0.224266 -0.00768101 0.398225
v -0.146901 -0.0466209 0.388466
v -0.130978 -0.033055 0.389788
v 0.098851 -0.0194062 0.641861
v 0.0856102 0.00549042 0.652914
v -0.0195776 0.226493 0.574649
v -0.0254096 0.258419 0.566721
v -0.178557 0.0519488 0.384386
v -0.19688 0.0450417 0.388021
v -0.222053 0.0131908 0.374235
v -0.126205 0.0281261 0.395229
v -0.14274 0.0416028 0.37784
v 0.177926 0.135176 0.944341
v 0.0772182 -0.0985724 1.53657
v 0.068781 -0.106019 1.60566
v -0.22309 -0.00676439 0.37749
v -0.165439 -0.052308 0.386712
v -0.133402 -0.031732 0.369283
v 0.133572 -0.0490957 0.676984
v 0.146972 -0.0572667 0.723318
v 0.146157 -0.0689446 0.741689
v 0.0354618 0.284 0.628377
v -0.0192123 0.233468 0.567133
v -0.0194268 0.239364 0.56198
v 0.025693 0.232242 0.577746
v -0.0255413 0.279661 0.578873
v -0.213266 0.0304161 0.37076
v 0.0953951 0.0283119 0.620329
v -0.129584 0.0258688 0.375141
v 0.168188 0.137053 0.88663
v 0.116546 -0.0311891 1.50795
v 0.0758403 -0.10445 1.57241
v -0.0772451 -0.108492 1.67201
v 0.0370595 -0.126557 1.63362
v -0.202513 -0.0409698 0.382453
v -0.184387 -0.0498269 0.384635
v -0.120617 -0.0143507 0.391095
v -0.118849 0.00706196 0.392316
v 0.110657 -0.03734 0.666768
v 0.0919692 0.0045826 0.639383
v 0.0343408 0.28406 0.608098
v 0.0124925 0.299754 0.604527
v 0.023481 0.27609 0.572062
v -0.179202 0.0505514 0.36323
v -0.19747 0.043968 0.367056
v -0.122231 0.00653118 0.372992
v 0.136499 0.216883 1.39781
v 0.127696 0.22482 1.44716
v 0.123975 -0.0156586 1.44634
v -0.0945493 -0.0835707 1.68169
v -0.0434265 0.161488 1.63453
v -0.0222227 0.101617 1.65997
v -0.101801 -0.0287431 1.6958
v -0.104751 -0.0374976 1.72254
v -0.216432 -0.0258499 0.380334
v -0.222223 0.0134232 0.353774
v -0.166703 -0.0511242 0.366006
v -0.148702 -0.044511 0.367844
v -0.123981 -0.0134869 0.370951
v 0.152803 -0.0514282 0.702766
v 0.127414 -0.0502142 0.693601
v 0.174138 -0.0668032 0.788688
v 0.0212924 0.240153 0.5639
v -0.213358 0.030672 0.350124
v 0.149478 0.0773036 0.656531
v 0.151255 0.0760348 0.62906
v -0.122605 0.00621456 0.353533
v -0.129764 0.0256082 0.354921
v -0.143343 0.0406355 0.357587
v -0.160721 0.0492824 0.360994
v 0.0849806 0.244222 1.49956
v 0.0943488 0.257899 1.44884
v 0.117306 -0.0382228 1.54961
v -0.0263274 -0.137978 1.65785
v -0.0846422 -0.118088 1.69714
v -0.0272055 0.0653549 1.6792
v -0.0231515 0.080643 1.66469
v -0.0775086 0.020721 1.71395
v -0.119816 -0.0442613 1.74452
v 0.203746 -0.158077 1.09964
v 0.223923 -0.115323 1.08903
v -0.185713 -0.048585 0.363994
v -0.134098 -0.0318808 0.348805
v 0.115025 -0.037673 0.647809
v 0.149962 -0.0894504 0.77016
v 0.206628 -0.127553 0.960804
v -0.0112831 0.291363 0.579392
v 0.14729 0.0806887 0.684377
v 0.173208 0.0798351 0.720338
v 0.126518 0.0683073 0.624262
v 0.106781 0.0515026 0.621725
v 0.10842 0.0501603 0.597377
v 0.219547 0.07587 1.05053
v 0.0379951 0.22625 1.55112
v 0.122031 0.0387874 1.49723
v 0.1233 0.00215565 1.46999
v 0.0997599 -0.0788501 1.57888
v -0.107212 -0.0625898 1.7163
v -0.0309582 0.0544608 1.7055
v 0.177643 -0.198245 1.03182
v -0.223322 -0.00617797 0.357176
v -0.203228 -0.0392888 0.362043
v -0.167894 -0.0510895 0.345329
v -0.124816 -0.0138251 0.350566
v 0.13769 -0.0501269 0.653791
v 0.171484 -0.0533366 0.758588
v -0.0125583 0.274861 0.560962
v 0.00953438 0.293938 0.583713
v -0.160894 0.0497492 0.340306
v -0.179842 0.0507245 0.343369
v -0.198128 0.0437148 0.346571
v -0.223008 0.0136987 0.333542
v 0.0973193 0.0265199 0.596326
v -0.129798 0.0255377 0.334642
v 0.181388 0.13666 1.15654
v 0.19772 0.16129 1.23299
v 0.151326 0.180507 1.44939
v 0.157414 0.127386 0.781656
v 0.21246 -0.0784043 1.18514
v 0.196229 0.0167519 1.39075
v 0.146204 0.034358 1.43793
v 0.219592 -0.0581574 1.28688
v 0.114697 -0.0462257 1.58803
v -0.0676254 -0.18779 1.71178
v 0.0656085 -0.111236 1.6393
v 0.0380155 -0.134347 1.66215
v 0.00701906 -0.151488 1.67626
v -0.136991 -0.12607 1.74776
v -0.0210637 0.167647 1.63993
v -0.0967443 -0.0116605 1.73086
v -0.216814 -0.0246631 0.359893
v -0.224258 -0.00595735 0.336912
v -0.204616 -0.0397434 0.341625
v -0.186832 -0.048782 0.343484
v -0.149581 -0.0447763 0.34795
v 0.158537 -0.0508783 0.68207
v 0.17398 -0.0461688 0.73355
v 0.016705 0.272759 0.560353
v -0.198769 0.0437508 0.325953
v -0.214055 0.0309426 0.329581
v 0.174213 0.0771081 0.690752
v 0.109216 0.0478524 0.573222
v 0.201495 0.162019 1.27528
v 0.208552 0.147553 1.31099
v 0.121786 0.00952908 1.51536
v 0.00208421 0.0972142 1.6628
v -0.096472 0.0139856 1.76472
v -0.218312 -0.0248822 0.339563
v -0.125643 -0.0143859 0.330146
v 0.0958247 0.000331404 0.596944
v 0.141049 -0.0520839 0.629453
v 0.178808 -0.0445031 0.710867
v 0.193061 -0.0315824 0.771271
v 0.00201379 0.262274 0.55504
v 0.0197842 0.25107 0.560375
v -0.143277 0.0406887 0.337293
v -0.18025 0.0502914 0.322813
v 0.175645 0.0745744 0.661223
v 0.177323 0.0740203 0.632839
v 0.127424 0.0668306 0.599578
v 0.211837 0.118979 1.1974
v 0.00245471 0.19975 1.60371
v 0.216733 -0.0623484 1.25084
v 0.10879 0.0532289 1.55568
v 0.0657682 -0.120164 1.67027
v 0.0249563 0.0905371 1.6602
v -0.219048 -0.0248834 0.319015
v -0.205495 -0.0394424 0.321171
v -0.187986 -0.0487329 0.323042
v -0.169059 -0.0508661 0.324931
v -0.150708 -0.0451285 0.326589
v -0.135171 -0.0322116 0.3282
v 0.103268 -0.0239777 0.598917
v 0.120663 -0.042997 0.601943
v 0.143303 -0.0541539 0.605465
v 0.166803 -0.0537614 0.633605
v 0.191453 -0.0409672 0.803933
v -0.179857 0.0505992 0.302285
v -0.198721 0.0440797 0.305764
v -0.214416 0.03157 0.309214
v -0.223745 0.0142878 0.312878
v -0.123402 0.0059814 0.332225
v -0.130359 0.0246557 0.314338
v -0.143463 0.0400073 0.3169
v 0.20493 0.103843 1.16484
v 0.178525 0.0940261 0.782695
v 0.0279845 0.19724 1.60077
v 0.113726 0.216722 1.49716
v 0.224332 -0.052781 1.17801
v 0.231426 -0.0448432 1.27497
v 0.00968018 -0.168167 1.68942
v -0.0532128 0.0476557 1.69388
v -0.00347646 0.0660167 1.68703
v -0.0632733 0.0314676 1.75127
v -0.126711 -0.0150357 0.309713
v 0.183691 -0.0440184 0.687442
v -0.161234 0.0487932 0.319775
v 0.197297 0.0639395 0.694694
v 0.200344 0.0622818 0.636098
v 0.128014 0.065018 0.574248
v 0.178267 0.0730674 0.605457
v 0.222959 -0.0785577 1.14047
v 0.231559 -0.0558856 1.14356
v 0.227791 -0.0474443 1.24364
v 0.229596 -0.0451418 1.21179
v 0.124172 0.062647 1.50544
v 0.129352 0.0729827 1.50163
v 0.253135 -0.0347855 1.25992
v 0.242956 -0.0379616 1.2662
v 0.0911591 -0.0819692 1.6131
v 0.0107025 -0.192137 1.70005
v 0.0417758 -0.146571 1.68332
v 0.00412822 0.16895 1.64154
v 0.220036 -0.130101 1.05063
v -0.225465 -0.00579395 0.316337
v -0.188957 -0.0483375 0.302608
v -0.170292 -0.0508949 0.304538
v -0.151849 -0.0450738 0.306179
v -0.135997 -0.0327809 0.307792
v 0.0973847 -0.00124601 0.57366
v 0.105245 -0.0255629 0.576538
v 0.122558 -0.0448403 0.578364
v 0.145478 -0.0554261 0.581551
v -0.161066 0.0484365 0.279217
v -0.224063 0.0157255 0.292417
v 0.110244 0.0455304 0.548201
v -0.124096 0.00512446 0.311941
v -0.130581 0.0238349 0.293762
v -0.14312 0.0393624 0.296439
v 0.226779 0.117948 1.30422
v 0.0509232 0.188691 1.59608
v 0.224443 0.0166538 1.35385
v 0.219519 -0.01847 1.34625
v 0.237207 -0.0304771 1.30213
v 0.110728 0.0394308 1.58527
v -0.00566274 0.0563238 1.71517
v 0.0195972 0.061588 1.69184
v 0.00432006 0.129503 1.65959
v -0.206382 -0.038955 0.300669
v -0.219541 -0.0240756 0.298435
v -0.127456 -0.0157593 0.2892
v 0.123536 -0.0460225 0.553833
v 0.17146 -0.0563158 0.584154
v -0.179936 0.0507752 0.282492
v -0.198606 0.0445988 0.285928
v -0.214449 0.0321184 0.289307
v 0.128467 0.0631805 0.548998
v 0.100035 0.0222961 0.547372
v 0.232294 0.110029 1.23811
v 0.226458 0.0991457 1.20287
v 0.224671 0.129456 1.27391
v 0.134822 0.177773 1.49501
v 0.158364 0.129639 1.44992
v 0.246002 -0.0404212 1.21092
v 0.256513 -0.0251685 1.2889
v 0.110055 0.0468042 1.56729
v 0.104385 -0.0518942 1.62173
v 0.0290608 0.162515 1.64067
v -0.039035 0.0456671 1.75936
v -0.0502795 0.0578536 1.7887
v 0.0417825 0.0630133 1.67101
v 0.0301787 0.120809 1.65617
v 0.236481 -0.0788796 1.06688
v -0.225973 -0.00508301 0.295537
v -0.19024 -0.0484855 0.282084
v -0.171638 -0.0511286 0.284106
v -0.136901 -0.0330824 0.287172
v 0.147638 -0.0566865 0.556641
v 0.16924 -0.0549255 0.608773
v -0.143318 0.0389523 0.276015
v 0.197101 0.0661397 0.724293
v 0.178906 0.0718835 0.578625
v 0.0986248 -0.00339017 0.548686
v -0.124836 0.00425291 0.2914
v 0.0667562 0.215044 1.54667
v 0.235745 -0.0397998 1.17731
v 0.117735 -0.00899773 1.60122
v 0.0855233 -0.0977115 1.67666
v 0.0992004 -0.0596767 1.65319
v -0.0277845 -0.190496 1.70117
v -0.0119068 0.0546674 1.7656
v 0.0453378 0.0798102 1.65352
v -0.226487 -0.00440359 0.27564
v -0.221274 -0.0236147 0.277991
v -0.207797 -0.0384308 0.280306
v -0.152815 -0.0451573 0.285687
v -0.128336 -0.0163359 0.268971
v 0.107052 -0.0275688 0.550956
v 0.201678 -0.0289506 0.718245
v -0.179903 0.0505048 0.263203
v -0.198563 0.0447862 0.266123
v -0.224161 0.0152746 0.272566
v 0.201243 0.0615675 0.608472
v 0.179318 0.0706827 0.552553
v 0.130063 0.0605663 0.524023
v -0.125547 0.00356956 0.270967
v 0.195714 0.067803 0.75347
v 0.254193 0.0907212 1.24545
v 0.243206 0.0987416 1.24133
v 0.238099 0.10661 1.27053
v 0.203686 0.0696492 0.877229
v 0.0907001 0.193405 1.54322
v 0.15199 0.0799701 1.45115
v 0.143674 0.0801118 1.4757
v -0.10611 -0.18234 1.73331
v -0.12287 -0.0856196 1.73422
v -0.146019 -0.0504527 1.77478
v 0.018963 0.0529188 1.72206
v -0.00725478 0.0490314 1.7422
v 0.0534008 0.107159 1.64647
v 0.0646317 0.0653141 1.64703
v -0.11768 0.0166303 1.79663
v 0.234686 -0.0808564 1.02766
v 0.239098 -0.0559887 1.10629
v -0.191342 -0.0484439 0.261421
v 0.198322 -0.0558077 0.838451
v -0.16075 0.0482727 0.259238
v -0.214939 0.0329454 0.249419
v 0.21312 0.0437166 0.697215
v 0.212205 0.0442896 0.726667
v 0.216325 0.0428917 0.638554
v 0.111377 0.0433427 0.523046
v 0.10114 0.019658 0.521919
v -0.131037 0.023036 0.273294
v 0.195001 0.0683851 0.786144
v 0.237061 0.0703707 1.17738
v 0.215631 0.0790331 1.07821
v 0.20777 0.10766 1.3585
v 0.21145 0.0848702 1.00988
v 0.212511 0.00291435 0.859925
v 0.252233 -0.0459055 1.11803
v 0.24177 -0.0396296 1.23885
v 0.178611 0.0750802 1.40721
v 0.160976 0.077681 1.4286
v 0.107609 0.0285103 1.61243
v 0.0875168 0.0631791 1.62023
v 0.10766 -0.0191217 1.63098
v 0.0704916 -0.13417 1.69365
v -0.208971 -0.0380758 0.259828
v -0.172821 -0.0510338 0.263312
v -0.137913 -0.0334563 0.267039
v -0.129306 -0.016795 0.248334
v 0.100009 -0.00567444 0.523782
v 0.108829 -0.0290229 0.526079
v 0.193089 -0.0470892 0.611584
v 0.214408 -0.00547944 0.723958
v -0.198989 0.045273 0.246005
v -0.22754 -0.00403181 0.255428
v 0.210689 0.0441982 0.756427
v 0.216962 0.0419622 0.611255
v 0.21834 0.0419692 0.584526
v 0.201639 0.0608509 0.581474
v 0.15336 0.0712856 0.550488
v 0.254661 0.0919874 1.266
v 0.257618 0.0824088 1.20997
v 0.221302 0.0683673 1.14236
v 0.224527 0.0314694 0.923566
v 0.197905 0.0687173 0.826776
v 0.0769259 0.161783 1.60029
v 0.272903 -0.0249482 1.27024
v 0.0915398 -0.10695 1.70157
v 0.0987178 -0.0691411 1.68375
v -0.222138 -0.0231149 0.257816
v -0.154014 -0.0453699 0.265508
v 0.17329 -0.0581601 0.559199
v 0.196367 -0.0495683 0.561308
v 0.20469 -0.0283894 0.692218
v 0.219829 -0.00523146 0.668814
v -0.179952 0.0506474 0.242402
v -0.14359 0.0380665 0.25566
v -0.224735 0.0156841 0.252672
v 0.218481 0.0191577 0.725894
v 0.22343 0.0186083 0.640485
v 0.201903 0.0599633 0.555017
v 0.101348 -0.00752805 0.49874
v -0.126539 0.00293401 0.250462
v 0.258048 0.0745001 1.1824
v 0.211624 0.0348828 0.868631
v 0.0668876 0.176373 1.59563
v 0.0422382 0.0440962 1.72614
v 0.0524326 0.149517 1.63557
v 0.2511 -0.042578 1.05823
v -0.209941 -0.0378507 0.238758
v -0.192288 -0.0483317 0.240481
v -0.130086 -0.0174392 0.227522
v 0.110739 -0.0308983 0.500958
v 0.19484 -0.0488413 0.587171
v 0.21076 -0.0067993 0.751726
v 0.2073 -0.0287406 0.666089
v 0.205833 -0.0109502 0.782483
v 0.228108 -0.0447307 0.947211
v -0.160487 0.0480668 0.23851
v -0.143139 0.037615 0.23506
v -0.215922 0.0335147 0.229406
v 0.220048 0.0196566 0.697819
v 0.221874 0.0194147 0.668885
v -0.126916 0.00238058 0.229751
v 0.227578 0.0520045 1.09725
v 0.245855 0.0923171 1.29616
v 0.145824 0.131249 1.48861
v 0.282378 -0.0494215 1.16522
v 0.291604 -0.034965 1.22128
v 0.229263 0.0510977 1.34848
v 0.288058 -0.00927918 1.28008
v 0.119958 0.123328 1.53335
v 0.0997392 0.0149917 1.63979
v -0.095341 -0.220478 1.74442
v 0.0895435 -0.167278 1.71517
v 0.0850312 -0.202517 1.72709
v -0.156027 -0.0845433 1.77844
v 0.0710552 0.0900348 1.62955
v -0.0948019 0.045486 1.81331
v 0.234932 -0.048474 0.997796
v 0.259985 -0.03892 1.09442
v -0.222703 -0.0228 0.236974
v -0.139023 -0.033791 0.24635
v 0.217105 -0.00538262 0.696024
v 0.207075 -0.0284089 0.849822
v -0.180217 0.0508155 0.221496
v -0.199347 0.0450631 0.225643
v -0.225459 0.015971 0.232413
v 0.20248 0.0586923 0.529372
v -0.131353 0.021956 0.232186
v 0.270516 0.0835413 1.25056
v 0.27887 0.0784389 1.22145
v 0.230461 0.0863513 1.33337
v 0.203365 0.0375457 0.824568
v 0.208222 0.0427276 0.788644
v 0.307678 -0.0448952 1.17341
v 0.102672 -0.0288482 1.66065
v 0.0484181 -0.195855 1.70835
v 0.0487796 0.0510906 1.77646
v 0.0436641 0.0418316 1.75168
v -0.14007 -0.0342364 0.225535
v 0.128692 -0.0491361 0.502567
v 0.149687 -0.0582794 0.531109
v 0.175064 -0.0596899 0.533451
v 0.213521 -0.0314313 0.587996
v 0.215948 -0.0325832 0.56172
v 0.211787 -0.030529 0.613691
v -0.143794 0.0364158 0.214633
v -0.160659 0.0474138 0.217743
v -0.216249 0.0333126 0.20924
v 0.218799 0.0413662 0.557619
v 0.103016 -0.00923069 0.474322
v 0.155355 0.0686742 0.500242
v 0.268636 0.079869 1.28486
v 0.269014 -0.0484209 1.13087
v 0.3187 -0.0246306 1.20269
v 0.300868 -0.0132778 1.25339
v -0.141379 -0.180304 1.76885
v 0.238437 -0.0179721 1.01107
v -0.22776 -0.00371965 0.23485
v -0.223433 -0.023059 0.216167
v -0.1561 -0.0456054 0.223491
v 0.19819 -0.0508984 0.535022
v -0.199689 0.045628 0.205283
v -0.226404 0.0157339 0.212644
v 0.226178 0.0175985 0.586928
v 0.219689 0.0406353 0.531682
v 0.112613 -0.0330806 0.476149
v 0.282999 0.0755415 1.19318
v 0.259131 0.0677417 1.15652
v 0.243763 0.047033 1.12033
v 0.278611 0.0146405 1.31207
v 0.0956286 0.00183175 1.66686
v 0.0118753 -0.222089 1.71003
v -0.0566248 -0.247872 1.7277
v 0.0470897 -0.224974 1.71971
v 0.0834774 0.0446733 1.64338
v 0.0643517 0.0301956 1.72811
v 0.0747276 0.133513 1.62219
v -0.228634 -0.00392739 0.215185
v -0.210747 -0.0378922 0.217533
v -0.193226 -0.0481264 0.218974
v -0.174215 -0.0510022 0.221325
v -0.131134 -0.0184006 0.207293
v 0.1307 -0.0515018 0.478111
v 0.221268 -0.00730659 0.639795
v 0.230597 -0.0113242 0.963763
v -0.180325 0.0510618 0.200712
v -0.160786 0.0469104 0.197084
v -0.132169 0.0207854 0.211834
v -0.216876 0.0331092 0.190071
v 0.223127 -0.00838479 0.614437
v 0.227512 0.0171893 0.560411
v 0.203763 0.057458 0.504271
v 0.103593 0.0153802 0.473787
v -0.127962 0.00127077 0.208753
v 0.305039 0.0671 1.2066
v 0.268574 0.0525485 1.10665
v 0.249721 0.038674 1.09262
v 0.292038 -0.0538653 1.1405
v 0.328434 -0.0295684 1.17973
v 0.281072 0.0398559 1.31071
v 0.111435 -0.119719 1.72292
v 0.0630351 0.038497 1.69936
v 0.083752 0.00987094 1.72773
v -0.0272498 0.0821942 1.84061
v -0.141391 -0.0347346 0.205169
v -0.129022 -7.76768e-05 0.189132
v 0.153858 -0.0618231 0.479926
v -0.229124 -0.00466425 0.194508
v 0.228837 0.0167264 0.533871
v 0.180657 0.0680544 0.502161
v 0.104844 -0.0111354 0.450408
v 0.296661 0.0680449 1.2346
v 0.285581 0.072934 1.26285
v 0.277629 0.0632597 1.30025
v 0.0938009 0.121107 1.59288
v 0.317416 -0.0491489 1.15039
v 0.310171 0.00770704 1.25636
v 0.309627 -0.0191679 1.22733
v 0.108251 -0.0166136 1.74806
v -0.0623006 -0.220098 1.72382
v 0.0123244 -0.249929 1.71405
v 0.0811435 0.0289157 1.66994
v -0.111996 0.0436233 1.85553
v 0.289587 -0.0477087 1.03336
v -0.223527 -0.0236651 0.195062
v -0.21101 -0.0389686 0.195917
v -0.193753 -0.048049 0.197318
v -0.175368 -0.0505745 0.199854
v -0.157565 -0.0456144 0.202575
v 0.132664 -0.0554956 0.452726
v 0.176752 -0.0608107 0.507453
v 0.201862 -0.0530937 0.48277
v 0.200081 -0.0520412 0.508636
v 0.224182 -0.00837989 0.588006
v 0.228333 -0.00989483 0.535669
v -0.143582 0.035861 0.194178
v -0.132229 0.0195425 0.191571
v -0.199819 0.0457171 0.185403
v -0.180304 0.0508905 0.180381
v -0.226781 0.0154239 0.193012
v 0.18115 0.0666063 0.476052
v 0.118554 0.0363054 0.424011
v 0.10545 0.0142696 0.449335
v 0.114551 -0.0353781 0.45128
v 0.115741 0.0377526 0.448414
v 0.28872 0.0725397 1.16713
v 0.286279 -0.0537882 1.08499
v 0.301409 -0.0580286 1.11748
v 0.296462 0.0117776 1.28469
v 0.320461 0.00237738 1.22964
v 0.082025 0.0178341 1.69921
v -0.168711 -0.134389 1.79936
v -0.154084 -0.0234543 1.81651
v -0.16861 -0.0387848 1.84646
v 0.0684076 0.0284539 1.75369
v 0.279165 -0.0276695 1.02646
v -0.143368 -0.0349719 0.184727
v -0.132759 -0.0192976 0.187108
v 0.21704 -0.0347294 0.535964
v 0.227251 -0.00903846 0.561947
v -0.227092 0.0143119 0.17359
v -0.228282 -0.00520385 0.173698
v 0.204049 0.0567378 0.479103
v 0.13412 0.0567079 0.448683
v -0.13025 -0.00236397 0.16895
v 0.264272 0.0595336 1.13072
v 0.277877 0.0463714 1.08231
v 0.328031 -0.0537097 1.12808
v 0.299304 0.035257 1.28264
v 0.096228 -0.00883694 1.69615
v 0.0122262 -0.279259 1.71413
v 0.130873 -0.170606 1.75188
v -0.222486 -0.0238075 0.173823
v -0.210388 -0.0391009 0.174249
v -0.176019 -0.0502694 0.178102
v -0.158743 -0.0457476 0.181722
v -0.134434 -0.0206845 0.16686
v 0.219358 -0.0355801 0.509236
v 0.229695 -0.0106975 0.508906
v -0.143723 0.0353449 0.173729
v -0.199992 0.0456712 0.165402
v -0.217476 0.0325477 0.171254
v 0.230223 0.0168945 0.507824
v 0.157534 0.06724 0.449749
v 0.312193 -0.0619133 1.09569
v 0.338667 -0.0340194 1.15692
v 0.0460248 -0.252591 1.72265
v -0.193519 -0.0482956 0.175289
v -0.145172 -0.035387 0.164631
v 0.118405 -0.0366726 0.42641
v 0.155643 -0.0664525 0.454219
v -0.132687 0.0172612 0.171282
v 0.231298 0.0150968 0.482029
v 0.233141 0.0142841 0.457717
v 0.20476 0.0569664 0.453635
v 0.109165 0.0124679 0.424732
v 0.136239 0.0539616 0.424437
v 0.108865 -0.01227 0.425602
v 0.311998 0.0652189 1.18065
v 0.29315 0.0683799 1.14131
v 0.337689 -0.0565657 1.10539
v 0.29565 0.0564193 1.27487
v 0.330867 -0.00225612 1.20508
v -0.0514178 -0.279615 1.72516
v 0.11625 -0.20878 1.75591
v 0.289842 -0.0310526 1.00493
v 0.300212 -0.0518207 1.01231
v -0.15945 -0.0445384 0.161496
v -0.147631 -0.0348813 0.145843
v 0.135515 -0.0549976 0.427533
v 0.180891 -0.0667904 0.455642
v -0.160891 0.0447734 0.155908
v -0.143706 0.0319591 0.1536
v -0.21774 0.0303577 0.154991
v -0.217733 0.0274388 0.142366
v -0.228129 -0.00505548 0.153244
v 0.222855 0.0384038 0.455929
v 0.181699 0.0672825 0.451264
v 0.158866 0.0648159 0.425689
v 0.311828 0.030589 1.25485
v 0.308253 0.0519979 1.24693
v 0.318347 0.0486457 1.21948
v 0.299892 0.0644487 1.11741
v 0.334426 0.0228565 1.20269
v -0.123654 -0.221654 1.77391
v 0.0123356 -0.307247 1.7148
v -0.142249 -0.224274 1.81074
v -0.077892 0.0677813 1.86957
v -0.138232 -0.0230658 0.146934
v 0.221646 -0.0358387 0.48339
v -0.180909 0.0506936 0.159633
v -0.201398 0.0416273 0.147162
v -0.222135 0.0143291 0.136267
v -0.222423 -0.023663 0.152719
v 0.231033 -0.0118028 0.482989
v 0.117253 -0.0121889 0.402222
v 0.117055 0.0100767 0.401675
v -0.1331 0.0131766 0.151463
v -0.132543 -0.00700097 0.148717
v 0.319172 0.0625117 1.15601
v 0.358757 -0.0401975 1.11136
v 0.350775 -0.0100505 1.15761
v -0.019568 -0.278598 1.71513
v 0.103635 -0.237754 1.76133
v 0.0550088 0.0686866 1.81575
v 0.280356 -0.00629835 1.02075
v -0.209081 -0.038889 0.152253
v -0.19234 -0.0484423 0.15533
v -0.158708 -0.0392447 0.142395
v 0.15794 -0.0662555 0.429361
v 0.203951 -0.0558924 0.457069
v -0.182135 0.0440474 0.140273
v -0.203632 0.0319385 0.131802
v 0.204644 0.0557261 0.428178
v 0.182187 0.0657026 0.426542
v 0.124969 0.0313091 0.401682
v 0.328156 0.0464972 1.19408
v 0.33698 0.0445797 1.1693
v 0.307044 0.0600834 1.09404
v 0.287588 0.0430029 1.06164
v 0.323373 -0.0667331 1.07447
v 0.341545 -0.00664074 1.1817
v 0.348301 -0.0370995 1.13446
v 0.323135 0.0260052 1.22716
v -0.016264 -0.306668 1.716
v 0.0720211 -0.285662 1.738
v -0.17553 -0.0585853 1.87725
v 0.090922 0.0525723 1.82129
v 0.0540991 0.0780738 1.86096
v -0.176418 -0.0498271 0.157528
v -0.149788 -0.0264218 0.131685
v 0.125871 -0.0334054 0.40319
v 0.141545 -0.0494052 0.404244
v 0.222607 -0.0374419 0.458006
v -0.162382 0.0383544 0.135812
v -0.14645 0.0246431 0.134587
v -0.221759 -0.00219937 0.134232
v 0.122702 -0.0120169 0.380445
v -0.13903 0.00493019 0.13286
v 0.326098 0.0588258 1.1321
v 0.315726 0.0560408 1.07247
v 0.358803 -0.0642113 1.06147
v 0.344 0.0197845 1.17818
v -0.0449408 -0.308317 1.72486
v -0.0710485 -0.311817 1.74105
v -0.0139513 -0.333168 1.71144
v -0.176498 -0.0910599 1.91745
v 0.0932844 0.0588302 1.868
v 0.279031 0.0164686 1.03794
v 0.289396 0.0176382 1.01911
v 0.299785 -0.0337797 0.983928
v 0.318588 -0.0682496 1.02177
v -0.172437 -0.0416566 0.138765
v -0.141997 -0.012481 0.13028
v 0.204635 -0.0555564 0.431629
v -0.149916 0.00800615 0.120174
v -0.21687 -0.0193038 0.133532
v 0.22229 0.0372504 0.429999
v 0.140248 0.0481663 0.401846
v 0.160699 0.0573073 0.402738
v 0.334661 0.0555858 1.10919
v 0.33341 -0.0704503 1.05299
v 0.348598 -0.0603156 1.08242
v 0.353743 0.0169047 1.15393
v 0.361907 -0.0133066 1.1356
v 0.167938 -0.13583 1.79972
v 0.0127332 -0.358559 1.70312
v -0.0637967 -0.339496 1.73284
v 0.157234 -0.17824 1.79486
v 0.0411263 -0.309687 1.72286
v -0.180872 -0.138962 1.85545
v -0.0928023 0.0538866 1.9089
v -0.0533308 0.0691489 1.92225
v 0.300206 0.0169871 0.997993
v -0.204582 -0.0336531 0.133543
v -0.188675 -0.0405484 0.135393
v -0.165808 -0.0294807 0.123619
v 0.131951 -0.0306535 0.381048
v 0.146157 -0.0441615 0.381988
v 0.161286 -0.0581711 0.405261
v 0.182278 -0.0662234 0.430248
v -0.206916 -0.0115773 0.118679
v 0.233099 -0.012679 0.458008
v 0.231345 0.0133488 0.431434
v 0.129666 0.0274561 0.380262
v 0.1439 0.0425822 0.380344
v 0.181095 0.0572931 0.40401
v 0.34562 0.0421777 1.14541
v 0.379532 -0.0473992 1.06665
v 0.363462 0.0138931 1.13097
v 0.0131214 -0.333297 1.71018
v 0.141221 -0.214982 1.79577
v -0.150034 0.00222187 1.87804
v 0.290194 -0.00731091 1.00006
v 0.299656 -0.00900648 0.979173
v 0.309226 -0.0560408 0.991205
v -0.181548 -0.0278366 0.119089
v 0.182975 -0.0577848 0.406597
v -0.185361 0.0318946 0.123327
v -0.206643 0.0166935 0.122728
v 0.121975 0.0081697 0.380495
v 0.180584 0.0507393 0.381621
v 0.352474 0.0492538 1.06369
v 0.297728 0.0412683 1.04205
v 0.369108 -0.0679368 1.03981
v 0.371827 -0.0158856 1.1124
v -0.170081 -0.190714 1.85974
v -0.123773 -0.257527 1.8067
v 0.310479 0.0143867 0.978431
v 0.318785 -0.0590842 0.970908
v 0.328112 -0.0717054 1.00064
v 0.343552 -0.0736006 1.03152
v -0.196372 -0.0210259 0.11892
v 0.16386 -0.0513649 0.382883
v 0.22239 -0.0365233 0.43234
v 0.231762 -0.0121125 0.432315
v -0.170815 0.00656667 0.112892
v -0.188928 0.0146182 0.114545
v -0.208085 0.000963396 0.120027
v 0.217185 0.032681 0.405916
v 0.201357 0.0487323 0.405414
v 0.130107 0.0265047 0.358218
v 0.122497 0.0081616 0.358222
v 0.161762 0.0505062 0.380787
v 0.144372 0.0413248 0.358378
v 0.38108 -0.0189757 1.08961
v 0.0631243 -0.339139 1.73207
v -0.0401341 -0.335868 1.71824
v -0.150016 -0.00953603 1.92031
v 0.308657 0.0386661 1.02214
v 0.319132 0.0359847 1.00154
v 0.309926 -0.0120067 0.959758
v -0.158659 -0.0144461 0.117716
v -0.153632 -0.00143355 0.118629
v 0.124351 -0.0129969 0.358541
v 0.133672 -0.0308424 0.359024
v 0.202659 -0.0486643 0.407572
v -0.19228 -0.00393909 0.11331
v 0.22613 0.0120697 0.407074
v 0.161931 0.049355 0.358854
v 0.325061 0.052712 1.05181
v 0.37359 0.0110268 1.10776
v -0.0369582 -0.362036 1.70795
v -0.0127837 -0.359455 1.70243
v 0.0949068 -0.291221 1.76051
v 0.122929 -0.277033 1.83356
v -0.135574 0.0238725 1.94731
v 0.309428 -0.0362714 0.963984
v 0.336557 -0.0733475 0.979181
v 0.352419 -0.0773954 1.00998
v 0.148039 -0.0439108 0.359874
v 0.182782 -0.049949 0.383782
v 0.218334 -0.0319292 0.40821
v 0.226242 -0.0107818 0.407782
v -0.175354 -0.0106314 0.112387
v 0.130102 0.0261955 0.336259
v 0.334659 0.0489265 1.0297
v 0.378232 -0.0711177 1.01788
v 0.171276 -0.0912919 1.8089
v -0.0831302 -0.343923 1.75181
v -0.104304 -0.320041 1.78619
v 0.0377683 -0.360218 1.70982
v 0.169115 -0.185561 1.84407
v 0.0380432 0.0641318 1.94571
v -0.00917526 0.073187 1.93508
v 0.319787 0.0105179 0.958446
v 0.328275 -0.0581332 0.951065
v 0.360378 -0.0787571 0.987981
v 0.20121 -0.042163 0.384494
v 0.221876 0.0115292 0.384187
v 0.213679 0.0299158 0.361213
v 0.180514 0.0502521 0.359536
v 0.355058 0.0387423 1.12239
v -0.120307 -0.294265 1.83139
v -0.148444 -0.233004 1.85673
v 0.0124969 -0.380578 1.69398
v 0.116124 -0.270054 1.79601
v -0.143611 0.00183556 1.94969
v -0.0713998 0.0466942 1.95525
v 0.329032 0.0325042 0.980958
v 0.344825 -0.0716208 0.9585
v 0.36621 -0.0763357 0.966136
v 0.134404 -0.0317974 0.337253
v 0.12548 -0.0138699 0.336886
v 0.148927 -0.0443659 0.337884
v 0.215188 -0.0275545 0.384909
v 0.213634 0.0300775 0.383438
v 0.198563 0.0434569 0.360358
v 0.16161 0.0495629 0.336929
v 0.144179 0.0411277 0.337084
v 0.13042 0.0258175 0.31459
v 0.382558 0.00807978 1.08497
v -0.0793194 -0.371551 1.73773
v -0.095382 -0.349769 1.77536
v 0.0611102 -0.364221 1.72182
v 0.0346997 -0.381805 1.70015
v 0.0347782 -0.398688 1.68769
v -0.010363 -0.381545 1.69245
v 0.109827 -0.298727 1.78903
v -0.157936 -0.048672 1.94219
v 0.128373 0.0290061 1.87114
v 0.385263 -0.0727693 0.99494
v 0.12622 -0.0146467 0.315045
v 0.123137 0.00644245 0.336397
v 0.135024 -0.0323843 0.315435
v 0.16685 -0.0507824 0.338713
v 0.165581 -0.0503866 0.360763
v 0.184396 -0.0495694 0.361499
v 0.400791 -0.0259892 1.04452
v 0.391449 -0.0225874 1.06703
v 0.0808552 -0.370795 1.74027
v 0.0754306 -0.394943 1.73004
v 0.0826505 -0.345438 1.75089
v -0.160252 -0.203829 1.90981
v 0.319086 -0.0377605 0.944888
v 0.320245 -0.0152244 0.940985
v 0.150077 -0.0445822 0.31602
v 0.202744 -0.0407995 0.362102
v 0.216951 -0.0260911 0.362444
v 0.214025 0.030872 0.339125
v 0.198426 0.0439298 0.338348
v 0.180209 0.0505415 0.337612
v 0.361283 0.0448316 1.0421
v 0.345 0.0449261 1.00992
v 0.38885 -0.050546 1.04398
v 0.173344 -0.0489361 1.86587
v -0.111076 -0.326499 1.81741
v 0.0563898 -0.387611 1.71296
v -0.0503953 -0.410578 1.69156
v 0.134404 -0.25095 1.83877
v 0.095009 -0.353823 1.77567
v 0.0905123 0.053116 1.91474
v -0.124566 0.0412713 1.9845
v -0.144034 -0.0148137 1.97601
v 0.32963 0.00497098 0.940427
v 0.388407 -0.0700968 0.971461
v 0.12401 0.00585955 0.314768
v 0.168376 -0.0507076 0.316612
v 0.186048 -0.0493179 0.339357
v 0.204484 -0.0401685 0.339815
v 0.222262 -0.00851055 0.384825
v 0.223434 -0.00753284 0.362427
v 0.222115 0.0121369 0.36199
v 0.161111 0.0494313 0.315197
v 0.143602 0.0406219 0.314661
v 0.179773 0.0509188 0.31589
v 0.398572 -0.0541592 1.02214
v 0.155083 -0.00678603 1.87199
v 0.179674 -0.142607 1.84782
v -0.0931606 -0.377729 1.76026
v -0.10867 -0.333111 1.85004
v -0.11474 -0.299859 1.86648
v -0.122575 -0.269753 1.8824
v -0.0321678 -0.403264 1.68029
v -0.0700022 -0.397121 1.72366
v -0.0924057 0.0280636 1.97927
v -0.147809 -0.00792958 1.9927
v 0.337632 0.0275991 0.961325
v 0.35334 0.0406458 0.988603
v 0.327174 -0.0177346 0.923585
v 0.346557 0.0194114 0.943199
v 0.218159 -0.0252481 0.340045
v 0.223155 0.0131249 0.339776
v 0.143693 0.0394705 0.293311
v 0.402102 0.00143481 1.03993
v 0.392516 0.00479888 1.06227
v -0.0982464 -0.365025 1.83292
v 0.0685589 -0.414583 1.72073
v 0.0531858 -0.405781 1.70283
v -0.0625681 -0.419617 1.70865
v 0.117357 -0.306563 1.82439
v -0.150798 0.014104 1.9853
v -0.137781 -0.0489096 1.98001
v 0.361074 0.0349955 0.967904
v 0.32629 -0.0392151 0.926438
v 0.335499 -0.0581799 0.932256
v 0.350687 -0.0711669 0.938927
v 0.370937 -0.0747578 0.945177
v 0.405539 -0.0565918 0.998281
v 0.136386 -0.0326843 0.294021
v 0.124816 0.00513523 0.293015
v 0.151803 -0.0446573 0.294615
v 0.169982 -0.0502355 0.295293
v 0.187604 -0.0486412 0.317289
v 0.224778 -0.0077942 0.338906
v 0.223021 0.0136245 0.31781
v 0.213639 0.0311917 0.317327
v 0.198152 0.0442998 0.316651
v 0.16081 0.0482015 0.293847
v 0.382248 0.029246 1.0533
v 0.379286 0.0371667 0.998625
v 0.410642 -0.0295487 1.02204
v 0.18163 -0.0958737 1.85623
v -0.0764603 -0.428771 1.73171
v -0.0867179 -0.404697 1.74666
v -0.100525 -0.385983 1.78853
v -0.101884 -0.30571 1.89552
v 0.0949936 -0.379338 1.76478
v 0.0822888 -0.424944 1.7424
v 0.0671009 -0.4308 1.70772
v 0.0548308 -0.418257 1.68816
v -0.0527463 -0.428722 1.67182
v 0.107556 -0.335571 1.81455
v 0.100983 -0.362288 1.80423
v -0.14933 -0.0745438 1.97125
v 0.0798135 0.0405205 1.95841
v -0.0889257 0.0171913 1.99877
v -0.14252 0.0351425 2.00176
v -0.136152 -0.0253481 2.00323
v 0.38584 0.031337 0.976885
v 0.338818 -0.0601137 0.912783
v 0.336309 0.00105056 0.922379
v 0.391442 -0.0694153 0.949537
v 0.127274 -0.0152331 0.293486
v 0.224953 -0.00661131 0.317999
v 0.391162 0.025505 1.03115
v 0.370497 0.0407076 1.02047
v -0.0954728 -0.413438 1.7722
v 0.0902514 -0.403851 1.75315
v 0.132145 -0.257565 1.88418
v -0.146055 -0.220629 1.95237
v 0.111881 0.0347806 1.95806
v 0.152892 -0.0105953 1.9127
v -0.0946705 0.0213537 2.01053
v -0.152591 0.0173152 2.00392
v -0.126664 -0.0888361 2.00203
v -0.0285071 0.0509555 1.97011
v 0.3314 -0.020203 0.904849
v 0.340363 -0.000502114 0.904044
v 0.352992 0.0154523 0.924599
v 0.35526 -0.0727306 0.919321
v 0.375286 -0.0767271 0.924969
v 0.407204 -0.0558953 0.951981
v 0.416894 -0.0326808 0.998204
v 0.125534 0.00413982 0.271025
v 0.205374 -0.0392528 0.317811
v 0.218533 -0.0245992 0.318021
v 0.226104 -0.00583298 0.296491
v 0.21421 0.032145 0.295322
v 0.197797 0.0446101 0.294733
v 0.160184 0.0478215 0.271996
v 0.179336 0.0504517 0.293768
v 0.399706 0.0226247 1.00856
v 0.119546 -0.282879 1.87268
v -0.0685741 0.0148053 1.99701
v -0.0990337 0.0243715 2.0263
v -0.138558 -0.019773 2.01725
v -0.151062 -0.00402275 2.00947
v 0.367975 0.0261967 0.948815
v 0.37306 0.0196044 0.929869
v 0.395547 -0.0717235 0.929189
v 0.137857 -0.0329402 0.271966
v 0.128123 -0.0157748 0.271353
v 0.219967 -0.0240618 0.29564
v 0.224225 0.0145001 0.296177
v 0.1312 0.0233805 0.271316
v 0.143285 0.0385495 0.271594
v 0.41093 -0.00204395 1.01714
v 0.177998 -0.152755 1.89768
v -0.108793 -0.278078 1.91239
v 0.0790044 -0.444496 1.72931
v 0.0545668 -0.428238 1.67451
v 0.0491815 -0.434635 1.66311
v 0.0140501 -0.413442 1.66051
v -0.0089563 -0.417589 1.65721
v -0.032146 -0.421873 1.66106
v -0.0737586 -0.451107 1.71326
v -0.0821458 0.00794622 2.00935
v 0.335594 -0.023056 0.886033
v 0.342587 -0.0632898 0.893371
v 0.358957 -0.0754767 0.89925
v 0.379377 -0.0796489 0.904681
v 0.399889 -0.0750125 0.908606
v 0.405889 -0.0555998 0.974467
v 0.126145 0.0031857 0.24859
v 0.153213 -0.0450578 0.272743
v 0.171468 -0.0511159 0.273502
v 0.188857 -0.047947 0.295726
v 0.206412 -0.0387391 0.295957
v 0.197618 0.0451423 0.273134
v 0.15963 0.0478781 0.249819
v 0.178836 0.0505528 0.272521
v -0.129861 -0.25825 1.93626
v -0.0875693 -0.439554 1.75648
v -0.0961889 -0.422579 1.80063
v 0.097674 -0.414154 1.78058
v 0.0336373 -0.42821 1.65808
v -0.0665543 -0.438473 1.68882
v 0.15095 -0.229791 1.89252
v 0.105478 -0.284901 1.90704
v 0.100387 -0.313134 1.89416
v -0.103252 -0.264711 1.95696
v 0.134233 0.0290664 1.94976
v -0.140007 0.0362635 2.0375
v -0.122641 -0.0261919 2.02422
v -0.117004 -0.0419582 2.00769
v -0.150938 -0.000672164 2.02582
v 0.344753 -0.00402223 0.885389
v 0.335116 -0.0442634 0.888861
v 0.356899 0.0114435 0.90621
v 0.416141 -0.0369786 0.951592
v 0.416084 -0.0347578 0.974064
v 0.128997 -0.016469 0.248887
v 0.224851 0.0150129 0.274231
v 0.214426 0.0329157 0.273735
v 0.0972193 -0.36953 1.83355
v 0.0687698 -0.446399 1.69223
v 0.0162323 -0.437903 1.64888
v 0.113573 -0.311745 1.8608
v 0.105483 -0.34253 1.8472
v -0.15909 -0.118105 1.9598
v 0.104319 0.0346599 1.98245
v -0.114573 0.0358974 2.05424
v -0.102524 0.0254723 2.0415
v -0.123151 -0.0228065 2.03675
v -0.14881 0.00231582 2.04091
v 0.389625 0.0223479 0.956417
v 0.339057 -0.0260311 0.866227
v 0.348475 -0.0064893 0.865627
v 0.377139 0.016604 0.910597
v 0.363081 -0.0781333 0.879709
v 0.420443 -0.0197331 0.927963
v 0.415549 -0.0617092 0.910388
v 0.138923 -0.0331818 0.249629
v 0.127281 0.0016244 0.226197
v 0.154347 -0.0449542 0.250561
v 0.17267 -0.0504329 0.251466
v 0.207907 -0.0382768 0.274507
v 0.131317 0.0220347 0.248882
v 0.142927 0.0378439 0.249346
v 0.416633 -0.0111848 0.970411
v 0.417792 -0.00579436 0.993981
v 0.170417 -0.0581848 1.91371
v 0.179514 -0.105559 1.90471
v -0.0898193 -0.447837 1.78243
v -0.0980956 -0.3943 1.81712
v -0.0880469 -0.430411 1.82761
v 0.0969878 -0.396945 1.82171
v 0.0950655 -0.424376 1.80892
v 0.0651236 -0.461751 1.67942
v -0.00598903 -0.443032 1.6463
v -0.0684633 -0.469892 1.69757
v 0.144353 -0.00238228 1.95093
v -0.136442 0.0350954 2.05399
v -0.111026 0.0272045 2.06571
v 0.347243 -0.065648 0.874328
v 0.392607 0.0149136 0.936557
v 0.383234 -0.0822017 0.884108
v 0.42016 -0.0401155 0.930487
v 0.416445 -0.0158587 0.948364
v 0.190572 -0.0484501 0.274104
v 0.226631 -0.00474924 0.274847
v 0.225179 0.016509 0.252
v 0.214642 0.0336369 0.25141
v 0.131631 0.0206702 0.226205
v 0.178426 0.050839 0.250287
v -0.083741 -0.455375 1.80885
v -0.0868632 -0.401469 1.84384
v -0.0885222 -0.371366 1.86127
v -0.0812884 -0.31345 1.91972
v -0.0859212 -0.286383 1.93392
v 0.0876587 -0.458502 1.75463
v 0.076141 -0.463399 1.71531
v -0.0279551 -0.446548 1.64934
v -0.0485067 -0.477032 1.66331
v -0.0633304 -0.458075 1.67478
v 0.124931 -0.264243 1.92319
v 0.0942515 -0.347331 1.87871
v -0.0860863 -0.195308 2.01525
v 0.0809399 0.0199094 1.98673
v 0.111875 0.0386672 1.9986
v -0.115399 0.0315037 2.06871
v -0.104242 -0.0130573 2.036
v -0.103085 -0.016582 2.0256
v -0.101518 -0.034251 2.01799
v -0.139134 -0.0100431 2.05944
v 0.406131 0.0169026 0.985977
v 0.407455 0.00942834 0.964049
v 0.339083 -0.047284 0.869248
v 0.361485 0.0079874 0.887547
v 0.403478 -0.0770786 0.888274
v 0.420109 -0.065086 0.890809
v 0.424185 -0.0431897 0.909904
v 0.129985 -0.0174761 0.226542
v 0.139462 -0.0339907 0.227346
v 0.173973 -0.0506103 0.22897
v 0.192075 -0.0480482 0.252177
v 0.197545 0.0456169 0.250871
v 0.142877 0.0366869 0.226745
v -0.0544803 -0.292435 1.95226
v 0.0418538 -0.45491 1.65544
v -0.0479811 -0.450158 1.65961
v -0.0385792 -0.476039 1.65826
v -0.0778445 -0.484702 1.72292
v 0.146268 -0.238955 1.93519
v 0.149086 0.00526914 1.97396
v -0.106193 -0.00947449 2.04981
v -0.106201 0.0257417 2.05471
v -0.130957 0.0313609 2.06893
v -0.136979 -0.00394221 2.07117
v -0.124082 -0.0154814 2.06266
v 0.366845 -0.0817082 0.860563
v 0.381232 0.012631 0.89159
v 0.409225 0.00343307 0.943186
v 0.396991 0.0119244 0.916553
v 0.386195 -0.0863267 0.864919
v 0.425496 -0.0224006 0.907332
v 0.155674 -0.0450915 0.228251
v 0.214779 0.0344516 0.228746
v 0.131959 0.0191632 0.203374
v 0.159519 0.0474807 0.227091
v 0.178353 0.0508828 0.228218
v -0.0820156 -0.479638 1.7918
v -0.0710738 -0.436686 1.85016
v -0.0769785 -0.347334 1.90567
v 0.0855861 -0.478555 1.74028
v -0.0571472 -0.487011 1.68499
v 0.154637 -0.203268 1.94016
v 0.0905704 0.0205709 1.9943
v 0.146667 0.0302576 1.99293
v -0.109305 -0.00561399 2.06319
v -0.143447 0.00917777 2.0662
v -0.139737 0.0144947 2.07466
v -0.139055 0.0238472 2.06671
v 0.342618 -0.028852 0.847001
v 0.351255 -0.0684848 0.8552
v 0.412668 -0.000664313 0.922567
v 0.131379 -0.0186211 0.20471
v 0.141077 -0.0343434 0.205607
v 0.209843 -0.0385194 0.252505
v 0.222306 -0.0233065 0.252544
v 0.227276 -0.0041236 0.252415
v 0.128108 0.000207338 0.203926
v 0.142744 0.0355964 0.203364
v 0.197455 0.0460902 0.228014
v -0.0686342 -0.407379 1.86595
v -0.0514125 -0.32232 1.93754
v 0.0841047 -0.431447 1.83552
v 0.0864935 -0.469129 1.78078
v 0.103425 0.0317458 2.0216
v 0.117298 0.0412262 2.01651
v 0.134067 0.0415729 2.01319
v 0.140754 -0.0215403 1.99003
v 0.139403 -0.0319009 1.97776
v -0.132378 0.0195295 2.0788
v -0.121356 0.02019 2.08671
v -0.122798 -0.00278075 2.07999
v -0.132767 0.00367473 2.07999
v 0.364699 0.006393 0.867455
v 0.342454 -0.0505732 0.850433
v 0.370638 -0.084456 0.840893
v 0.385233 0.010993 0.871618
v 0.401039 0.0083959 0.897081
v 0.428771 -0.0465555 0.890203
v 0.417055 -0.00417388 0.902747
v 0.156959 -0.0456018 0.20654
v 0.193255 -0.0483427 0.229311
v 0.210658 -0.0379277 0.230288
v 0.225332 0.0181376 0.229458
v 0.159412 0.0468411 0.203718
v -0.0703972 -0.377714 1.88514
v 0.0842071 -0.4037 1.84828
v 0.0763516 -0.497194 1.72795
v 0.0548244 -0.496844 1.69281
v -0.0628742 -0.501695 1.70866
v 0.0867141 -0.286751 1.93396
v 0.0796983 -0.317289 1.91916
v 0.0853347 -0.375891 1.86143
v -0.125551 -0.18804 1.9879
v -0.123827 -0.00780332 2.07262
v 0.352588 -0.00978674 0.846522
v 0.368961 0.00339162 0.84775
v 0.347095 -0.0527026 0.831027
v 0.35536 -0.0713259 0.835645
v 0.405508 0.00604772 0.877179
v 0.407579 -0.0807277 0.869287
v 0.423483 -0.0675628 0.870891
v 0.42897 -0.0258195 0.887349
v 0.222754 -0.0225652 0.230424
v 0.227843 -0.00329248 0.230086
v 0.214684 0.0352578 0.205936
v 0.142543 0.0345642 0.18052
v 0.178108 0.0509831 0.20425
v -0.0496872 -0.465384 1.84962
v 0.0787835 -0.45626 1.81971
v 0.0850829 -0.489804 1.76747
v 0.0515518 -0.478232 1.6689
v 0.0238548 -0.466793 1.64862
v 0.00102321 -0.472147 1.64702
v -0.0209002 -0.474872 1.65031
v 0.129774 -0.204438 1.97716
v 0.121524 0.0415163 2.03371
v 0.347456 -0.0316143 0.827741
v 0.356959 -0.0125587 0.8267
v 0.389393 0.00764699 0.851637
v 0.421216 -0.00706904 0.882886
v 0.129381 -0.000572354 0.181957
v 0.132878 -0.0190561 0.183053
v 0.142417 -0.0345919 0.184238
v 0.176187 -0.0511052 0.186037
v 0.132462 0.0187335 0.180955
v 0.162173 -0.11637 1.95436
v -0.0681648 -0.48473 1.81318
v -0.0491164 -0.354006 1.92316
v 0.0756518 -0.478497 1.80524
v 0.0684563 -0.26449 1.97498
v -0.0769648 -0.23454 1.99753
v 0.0956115 0.0161129 2.02841
v 0.152949 0.00725449 1.99541
v 0.147299 0.0265332 2.03101
v 0.351131 -0.0555454 0.811362
v 0.359265 -0.0740558 0.8159
v 0.411793 -0.0839569 0.849291
v 0.433774 -0.0289136 0.867046
v 0.157862 -0.0457778 0.185291
v 0.175286 -0.0509729 0.207191
v 0.21124 -0.0377786 0.208374
v 0.228485 -0.00247502 0.207742
v 0.225597 0.0188678 0.206871
v 0.197093 0.0465446 0.204949
v 0.133695 0.0164121 0.158823
v 0.158945 0.0455886 0.180701
v -0.0679653 -0.516822 1.73481
v -0.0791455 -0.503504 1.77553
v -0.0689146 -0.507781 1.79868
v -0.0698096 -0.461511 1.83141
v -0.0459468 -0.411322 1.88365
v 0.0576171 -0.486771 1.82436
v 0.0308841 -0.490848 1.66297
v -0.0389619 -0.498515 1.67474
v -0.0443754 -0.532185 1.7234
v 0.129659 -0.161421 1.99393
v 0.0745089 -0.351214 1.90476
v 0.0800007 -0.00680171 2.0181
v 0.112521 0.0351254 2.05176
v 0.124854 0.0392558 2.05113
v 0.136933 0.0361281 2.05006
v 0.143562 -0.0161843 2.00635
v 0.119182 -0.0570602 2.00274
v 0.0366277 -0.0272727 2.03193
v 0.363682 -0.0764022 0.796141
v 0.375033 -0.0863732 0.82098
v 0.395378 -0.0912899 0.825759
v 0.409784 0.00297857 0.85685
v 0.426047 -0.00996621 0.861669
v 0.416503 -0.0874289 0.829377
v 0.130681 -0.00150618 0.1595
v 0.223537 -0.0221257 0.20842
v 0.143009 0.0313407 0.158182
v -0.0484078 -0.440796 1.86735
v -0.0157392 -0.326035 1.94714
v 0.0604614 -0.463109 1.84046
v 0.060044 -0.51489 1.71829
v 0.0346268 -0.5103 1.68716
v -0.0420286 -0.514597 1.69823
v 0.0951227 0.000126197 2.03344
v 0.153116 0.00713 2.01469
v 0.144514 -0.0138645 2.02258
v 0.351794 -0.0341676 0.807351
v 0.373173 0.000649439 0.828135
v 0.355289 -0.0577465 0.791546
v 0.414148 5.49619e-05 0.836785
v 0.39382 0.00471597 0.831789
v 0.437244 -0.0524637 0.849839
v 0.134048 -0.0188059 0.160961
v 0.1436 -0.0335862 0.162894
v 0.158467 -0.0446838 0.164497
v 0.193939 -0.0482237 0.207778
v 0.212632 -0.0379531 0.187135
v 0.229025 -0.00207385 0.185965
v 0.225605 0.0186131 0.184893
v 0.214353 0.0359476 0.183609
v 0.196509 0.0471106 0.182308
v 0.15778 0.0431502 0.158347
v 0.177432 0.050535 0.181325
v -0.0502531 -0.527133 1.8021
v -0.046498 -0.383026 1.90319
v 0.0780449 -0.50835 1.75529
v 0.0628893 -0.525867 1.74612
v 0.111431 0.0282419 2.06458
v 0.124591 0.0348907 2.06775
v 0.142588 -0.0134574 2.03813
v -0.0346297 -0.055829 2.04277
v 0.360858 -0.0150303 0.806839
v 0.368224 -0.0788621 0.776264
v 0.379125 -0.0892777 0.801066
v 0.399548 -0.0947357 0.805806
v 0.429868 -0.0131636 0.842038
v 0.43245 -0.0738209 0.830631
v 0.15871 -0.0400694 0.144855
v 0.194435 -0.0485533 0.186763
v 0.224714 -0.0221257 0.186782
v 0.213674 0.0371031 0.163062
v 0.144509 0.0242948 0.136854
v -0.0477252 -0.489001 1.82931
v 0.0384966 -0.412182 1.88523
v 0.0633837 -0.528052 1.77176
v 0.00684487 -0.498028 1.6622
v 0.105877 -0.0147198 2.03519
v 0.108669 -0.00691913 2.05894
v 0.102313 0.00819613 2.0582
v 0.134269 0.0308937 2.06629
v 0.142435 0.0215089 2.06258
v 0.143361 0.00546275 2.06693
v 0.148291 0.00535953 2.04702
v 0.151787 0.00628579 2.0319
v 0.377221 -0.0016559 0.808202
v 0.355821 -0.0367492 0.78831
v 0.137123 -0.0160796 0.139874
v 0.211391 -0.0382726 0.166422
v 0.229395 -0.00208855 0.164933
v 0.22592 0.0191956 0.163416
v 0.156987 0.036294 0.137218
v 0.175941 0.0499776 0.158757
v -0.0498568 -0.510264 1.8157
v -0.0227096 -0.493398 1.83987
v -0.0225044 -0.469595 1.85955
v -0.0213881 -0.44315 1.87708
v -0.0193392 -0.413483 1.89186
v -0.0170694 -0.295508 1.96157
v 0.0640597 -0.437397 1.85697
v -0.0169338 -0.500667 1.66666
v -0.0277523 -0.236574 2.01492
v 0.096224 -0.0213973 2.01864
v 0.140606 -0.0121134 2.05243
v 0.125431 -0.0238773 2.03204
v 0.398415 0.00220949 0.811887
v 0.383158 -0.091968 0.780992
v 0.418526 -0.002293 0.816793
v 0.438802 -0.0318752 0.846814
v 0.135927 -0.0012472 0.134408
v 0.145859 -0.0295504 0.14254
v 0.163513 -0.0310762 0.127012
v 0.17443 -0.0471039 0.147295
v 0.224452 -0.0223472 0.165668
v 0.174203 0.0425913 0.137564
v 0.195244 0.0477026 0.160674
v -0.0583325 -0.527803 1.78352
v -0.0173781 -0.357403 1.93264
v 0.0328674 -0.492709 1.83667
v 0.0097535 -0.518418 1.68702
v -0.0658967 -0.525222 1.76089
v 0.0749914 -0.197204 2.02008
v 0.0522498 -0.320785 1.93727
v 0.0421359 -0.384559 1.90364
v 0.121758 -0.0102043 2.06884
v 0.116161 -0.0036671 2.07816
v 0.11098 -0.000383097 2.07008
v 0.119617 0.0219666 2.08265
v 0.123663 -0.0821781 2.00318
v -0.0468035 -0.101291 2.04747
v 0.365369 -0.0179325 0.786885
v 0.369893 -0.0197581 0.767849
v 0.359952 -0.0601666 0.771925
v 0.420358 -0.0898988 0.80918
v 0.434577 -0.0156282 0.822249
v 0.442121 -0.0548388 0.829941
v 0.185653 -0.0409996 0.134328
v 0.175338 -0.0375858 0.130361
v 0.138101 0.0107946 0.136498
v 0.193777 -0.0481584 0.166445
v 0.149505 0.00986565 0.122131
v 0.127499 -0.121768 2.0024
v 0.0357755 -0.468653 1.8549
v 0.0436526 -0.541743 1.77182
v -0.0216299 -0.268453 1.98805
v 0.128012 0.0214319 2.08143
v 0.137994 0.0146184 2.0769
v 0.13744 -0.00886 2.06528
v 0.124157 -0.0174082 2.0579
v 0.078308 -0.0766141 2.03288
v 0.382258 -0.00473854 0.788901
v 0.371739 -0.0817703 0.75673
v 0.364742 -0.0626606 0.752739
v 0.386881 -0.0942872 0.761216
v 0.403488 -0.0970266 0.785535
v 0.436637 -0.0767304 0.81048
v 0.44618 -0.0578231 0.809884
v 0.144277 -0.00455846 0.126345
v 0.151637 -0.0201073 0.12549
v 0.18778 -0.0269872 0.120184
v 0.176191 -0.0508308 0.165602
v 0.22108 -0.0215676 0.145228
v 0.22633 -0.00262754 0.144529
v 0.217012 0.0129607 0.128865
v 0.222799 0.0171755 0.144566
v 0.210239 0.033345 0.14189
v 0.192883 0.0423088 0.138818
v 0.171598 0.0150974 0.113868
v 0.157878 0.0223748 0.121434
v 0.190655 0.0292618 0.121885
v 0.00680966 -0.471051 1.86204
v 0.00965038 -0.413924 1.89292
v 0.0224415 -0.294508 1.96161
v 0.0190155 -0.325246 1.94687
v 0.0381225 -0.442002 1.87211
v 0.0500107 -0.529223 1.79649
v 0.0384665 -0.529178 1.71309
v 0.0407842 -0.541098 1.74156
v -0.0425945 -0.542456 1.75067
v -0.0364238 -0.544694 1.77762
v 0.0576525 -0.290794 1.95175
v 0.0121211 -0.386236 1.91252
v 0.386509 -0.00801293 0.769647
v 0.402731 0.00014949 0.79231
v 0.360715 -0.0393586 0.769011
v 0.365443 -0.0420169 0.749976
v 0.424302 -0.0922376 0.788807
v 0.422916 -0.00513804 0.797178
v 0.446881 -0.0369599 0.806951
v 0.19155 -0.0471931 0.148579
v 0.200575 -0.0327191 0.130174
v 0.208443 -0.0370971 0.147157
v 0.172996 0.029668 0.121187
v -0.0262223 -0.536941 1.8042
v -0.0243184 -0.516679 1.82463
v 0.00833592 -0.443855 1.87891
v 0.0303998 -0.517598 1.8218
v -0.0165231 -0.519898 1.69118
v -0.0171338 -0.540404 1.71608
v 0.375489 -0.0846053 0.737234
v 0.368475 -0.06549 0.7334
v 0.40753 -0.0993881 0.765525
v 0.441139 -0.0795244 0.79017
v 0.439161 -0.0181246 0.802272
v 0.406887 -0.00348093 0.773274
v 0.172118 -0.0199633 0.115615
v 0.216354 -0.00197428 0.127044
v 0.158583 -0.00733629 0.115851
v 0.00312174 -0.520094 1.82571
v 0.0050758 -0.495074 1.84245
v 0.0229746 -0.0650792 2.04613
v 0.39039 -0.0107862 0.750255
v 0.391148 -0.0973744 0.741633
v 0.442921 -0.0213703 0.782516
v 0.42715 -0.00873644 0.77794
v 0.449688 -0.0609274 0.789107
v 0.21148 -0.018376 0.127358
v 0.205926 0.0227385 0.124299
v 0.165682 0.00518224 0.113913
v 0.0116459 -0.538188 1.71294
v 0.014033 -0.550163 1.74184
v 0.0798881 -0.231794 1.99774
v -0.0434748 -0.150361 2.04547
v 0.3739 -0.0230184 0.748871
v 0.371534 -0.06868 0.715206
v 0.36899 -0.0446493 0.731318
v 0.197643 -0.0116173 0.115062
v 0.187262 0.011736 0.113599
v 0.0247827 -0.538591 1.80229
v 0.0183816 -0.550564 1.77365
v -0.0150145 -0.550931 1.74442
v 0.0124233 -0.148641 2.05133
v 0.0745663 -0.117127 2.03839
v 0.410997 -0.00642407 0.753584
v 0.444176 -0.081935 0.769648
v 0.453794 -0.0637662 0.768614
v 0.181076 -0.00470446 0.111901
v -0.00904535 -0.551585 1.77531
v 0.0244808 -0.268883 1.98688
v -0.0363636 -0.195835 2.03477
v 0.394355 -0.0137063 0.731179
v 0.377867 -0.026015 0.730268
v 0.379787 -0.0877581 0.717886
v 0.371501 -0.0474169 0.713069
v 0.411545 -0.102664 0.745761
v 0.446898 -0.0246693 0.76247
v 0.431639 -0.0114134 0.758202
v 0.455233 -0.0434253 0.766553
v 0.202494 0.00544775 0.11573
v 0.0732088 -0.157594 2.0345
v 0.023043 -0.236078 2.01576
v 0.414834 -0.00934272 0.733814
v 0.39542 -0.100207 0.721367
v 0.415481 -0.104893 0.72581
v 0.432408 -0.0980657 0.748531
v -0.00123978 -0.542136 1.80481
v 0.376605 -0.0721504 0.697373
v 0.385986 -0.0895325 0.698988
v 0.400645 -0.101393 0.702195
v 0.4369 -0.10138 0.728573
v 0.451577 -0.0268346 0.74225
v 0.449593 -0.0857863 0.749337
v 0.410464 -0.096591 0.684583
v 0.419991 -0.10513 0.706353
v 0.375773 -0.0509564 0.696188
v 0.0179209 -0.195059 2.03755
v 0.41808 -0.0120162 0.714119
v 0.38991 -0.0584543 0.674244
v 0.383491 -0.0546767 0.683428
v 0.454091 -0.0887583 0.729288
v 0.459287 -0.0669686 0.748252
v 0.459995 -0.0464101 0.745957
v 0.438472 -0.0154227 0.717875
v 0.402146 -0.0198142 0.692897
v 0.385924 -0.0730687 0.681988
v 0.395157 -0.0877978 0.681364
v 0.440084 -0.0987232 0.691814
v 0.462991 -0.0702281 0.727093
v 0.463415 -0.0490263 0.72465
v 0.438726 -0.0188607 0.698143
v 0.420394 -0.0167463 0.694243
v 0.439646 -0.101878 0.708481
v 0.454948 -0.0293696 0.721879
v 0.423737 -0.0286221 0.677396
v 0.426691 -0.0994469 0.688639
v 0.401775 -0.0486929 0.668788
v 0.393123 -0.0379849 0.679696
v 0.408284 -0.0299288 0.677101
v 0.411544 -0.0595953 0.662651
v 0.422811 -0.0842676 0.671646
v 0.455712 -0.0892299 0.707649
v 0.456852 -0.0319723 0.701491
v 0.446873 -0.0340232 0.6812
v 0.437157 -0.0865774 0.676614
v 0.450372 -0.0873877 0.688025
v 0.463767 -0.0713934 0.705036
v 0.463931 -0.0510881 0.702751
v 0.421149 -0.0626527 0.663114
v 0.436362 -0.0306536 0.679121
v 0.415723 -0.0448851 0.6658
v 0.457054 -0.0706417 0.684906
v 0.429557 -0.0463451 0.66745
v 0.45614 -0.0511705 0.68337
v 0.44286 -0.0491087 0.672562
v -0.432336 -0.0711876 0.667081
v -0.252364 -0.0277305 1.04346
v -0.245296 -0.0319306 1.03503
v -0.259841 -0.0361547 1.0835
v -0.24896 -0.0446229 1.15338
v -0.229685 -0.0596879 1.14139
v -0.227128 -0.0484122 1.18075
v -0.243358 0.0581374 1.14685
v -0.248667 -0.039408 1.2185
v -0.10787 -0.0425109 0.683409
v -0.0468069 0.0569273 0.665829
v -0.0685047 -0.0307533 0.674057
v -0.0258199 0.214418 0.733866
v 0.00894583 0.247718 0.781489
v -0.0206694 0.194487 0.734631
v -0.0159893 0.185112 0.732608
v -0.00753765 0.198731 0.724739
v -0.0117771 0.191672 0.731568
v -0.0219131 0.217201 0.70416
v -0.0275036 0.231818 0.711571
v -0.0244392 0.248021 0.719396
v 0.00524724 0.257603 0.745222
v 0.00628134 0.198726 0.723275
v -0.0229858 0.22218 0.690652
v -0.0303107 0.24513 0.683767
v -0.0103473 0.264509 0.711068
v 0.0287242 0.229074 0.739104
v -0.024455 0.262979 0.690865
v -0.0307837 0.228546 0.662303
v 0.00656969 0.264588 0.714058
v 0.0282256 0.234064 0.725794
v 0.0278565 0.238285 0.712147
v 0.0100304 0.212496 0.666912
v -0.016884 0.211291 0.639207
v 0.0251193 0.225889 0.681686
v 0.00999188 0.209841 0.650433
v -0.021395 0.214834 0.603562
v 0.00543379 0.210452 0.599189
v 0.0124532 0.299669 0.645981
v 0.118583 0.0714996 0.670922
v 0.0117497 0.302355 0.6245
v 0.102681 -0.0391759 0.680007
v 0.00401888 0.226867 0.565937
v 0.0313835 0.253921 0.574354
v 0.0047418 0.282 0.564734
v -0.000848813 0.0785564 1.66977
v 0.243888 -0.0445262 1.14781
v 0.251154 -0.0407401 1.18231
v 0.273675 -0.0450258 1.18922
v 0.25984 -0.045388 1.15596
v 0.23748 0.0606735 1.15066
v 0.267027 -0.0392805 1.07544
v 0.297253 -0.0594347 1.06319
v 0.256577 0.02056 1.07108
v 0.270035 -0.00780762 1.03846
v 0.262186 0.00928211 1.0569
v -0.14729 0.00912637 1.96722
v -0.119861 0.0380414 1.96758
v -0.081676 0.0338847 1.96967
v -0.101687 0.0321377 1.98999
v -0.0639206 0.0227321 1.99113
v -0.142161 0.0340984 1.98323
v -0.107507 0.0370387 2.00516
v -0.126854 0.0438814 2.00213
v -0.110897 0.0383327 2.02281
v -0.127144 0.0441241 2.02039
v -0.141705 0.035933 2.0202
v -0.151479 0.0199946 2.02167
v -0.140009 -0.0167233 2.03194
v -0.112656 0.0380069 2.03895
v 0.121961 0.03987 1.97437
v -0.140069 -0.0138198 2.04603
v -0.126555 0.0409052 2.03773
v -0.148083 0.0218638 2.03857
v -0.103361 0.0107497 2.05914
v -0.119602 -0.0316157 2.01455
v -0.0941298 0.00691749 2.03175
v -0.145032 0.0238081 2.05319
v -0.125444 0.0386049 2.05418
v -0.124198 -0.0198715 2.04996
v -0.146287 0.00550787 2.05509
v 0.129927 0.0427723 1.9936
v -0.100533 -0.0240815 2.02
v 0.0982027 0.0266526 2.00592
v -0.117057 0.00604778 2.08246
v -0.109111 0.0139197 2.07095
v 0.0838371 0.00693194 2.01286
v 0.147617 0.0291313 2.01248
v 0.136428 0.0389655 2.0318
v -0.117789 0.0199556 2.08276
v 0.391186 -0.0882589 0.845715
v 0.0906028 0.0110982 2.01824
v 0.108023 0.0346664 2.03698
v -0.124084 0.0110448 2.08566
v 0.0899902 -0.00240207 2.02656
v 0.100139 0.0205915 2.04055
v 0.0850902 -0.00503431 2.02077
v 0.104591 0.0241482 2.05371
v 0.123508 -0.026756 2.02021
v 0.11615 0.0328043 2.06685
v 0.145178 0.00544452 2.05865
v 0.119976 -0.0342041 2.01258
v 0.125638 -0.0209307 2.04467
v 0.102644 -0.0170166 2.02484
v 0.107923 -0.0120441 2.04727
v 0.0869851 -0.0285428 2.01829
v 0.114617 0.00562111 2.07993
v 0.125233 0.00660001 2.08449
v 0.133215 -0.00215654 2.07679
v 0.428033 -0.09463 0.768663
v 0.450777 -0.0401797 0.786416
v 0.39803 -0.068787 0.6702
v 0.431969 -0.0656582 0.665382
v -0.255579 -0.0458177 1.12485
v -0.24868 -0.0416262 1.18749
v -0.00250171 0.18909 0.731462
v -0.0124831 0.259296 0.725848
v 0.0186716 0.192869 0.734088
v 0.244043 -0.0460607 1.07634
v 0.246777 -0.0226443 1.03884
v -0.114186 0.0181551 2.07838
v -0.40886 -0.0793772 0.6698
v -0.43183 -0.100445 0.740492
v -0.411157 -0.0161286 0.695214
v -0.42518 -0.00998746 0.740335
v -0.376635 -0.087939 0.762706
v -0.440594 -0.018039 0.766603
v -0.364583 -0.0666761 0.756321
v -0.441027 -0.0287292 0.831472
v -0.359995 0.0184054 0.929029
v -0.32967 -0.0591118 1.10651
v -0.290764 -0.0556089 1.11539
v -0.299739 0.0530014 1.0711
v -0.245828 0.00160328 1.0467
v -0.239531 0.0376416 1.07782
v -0.265621 0.0692746 1.15586
v -0.229885 -0.0192869 0.939219
v -0.225066 -0.0768543 0.966498
v -0.207875 -0.157685 1.03152
v -0.221984 -0.0614498 0.914373
v -0.203082 -0.12235 0.938491
v -0.227719 0.0238903 0.963306
v -0.210098 0.0768328 0.918292
v -0.219234 0.107629 1.20064
v -0.23254 0.0984942 1.21536
v -0.156832 0.157508 0.936514
v -0.215841 -0.0636437 1.25333
v -0.194143 -0.0799746 0.846673
v -0.205499 0.0430184 0.847419
v -0.16546 0.150797 1.12173
v -0.196469 0.112527 1.12343
v -0.269681 0.078679 1.28595
v -0.14491 -0.169166 1.20679
v -0.140875 -0.233165 1.07625
v -0.166695 0.161931 1.17328
v -0.237371 -0.0198265 1.31933
v -0.138607 -0.199611 1.16982
v -0.204355 -0.0731441 1.30862
v -0.197179 0.0825836 0.860271
v -0.244569 0.00727519 1.33125
v -0.126306 0.18244 1.11904
v -0.176236 0.182133 1.23075
v -0.239244 0.0700946 1.33086
v -0.208834 0.0154349 0.796565
v -0.245316 0.0357038 1.33519
v -0.167949 -0.085227 1.35765
v -0.165761 -0.11443 0.826135
v -0.222766 0.00598849 1.35384
v -0.128578 -0.230958 0.975398
v -0.187952 0.0845052 0.797941
v -0.218445 0.0838466 1.35377
v -0.122619 0.183491 0.998704
v -0.0804208 -0.153468 1.32151
v -0.210816 0.0439941 0.757718
v -0.215108 0.01586 0.761715
v -0.108378 -0.168518 1.25139
v -0.0813017 -0.249391 1.14284
v -0.196751 0.0558174 1.3913
v -0.0631524 -0.186684 1.25612
v -0.207342 -0.0139989 0.759751
v -0.210156 -0.0139969 0.730454
v -0.0818698 0.205265 1.11283
v -0.163893 -0.0503208 0.71859
v -0.214074 0.0387818 0.727691
v -0.160468 0.169064 1.37838
v -0.177443 -0.0265908 1.39531
v -0.15014 -0.0635568 1.39605
v -0.0549289 -0.21225 1.21874
v -0.075401 -0.249352 0.952203
v -0.0258234 -0.218914 0.849077
v -0.149644 0.0882756 0.716833
v -0.120261 0.222811 1.30752
v -0.0603166 -0.274466 1.04005
v -0.0745639 0.199681 0.798525
v -0.163411 0.132567 1.423
v -0.0718328 -0.165925 1.2863
v -0.0331602 -0.16274 1.32203
v -0.14241 0.202025 1.36109
v -0.193499 0.0674718 0.631719
v -0.140929 0.0278299 1.44112
v -0.142164 -0.0508744 0.672636
v -0.034427 0.216805 1.1084
v -0.0350895 0.217603 1.15065
v -0.160991 0.0973568 1.43259
v -0.113878 0.24428 1.38673
v 0.0265311 -0.199153 1.25073
v -0.120485 0.101836 0.711908
v -0.105045 0.131792 0.722993
v -0.0301428 0.22947 1.1815
v -0.0815837 0.240805 1.29162
v -0.0813941 0.252533 1.32985
v -0.217621 -0.0209433 0.625056
v -0.01974 -0.255818 0.936261
v -0.0941726 -0.0692682 1.43669
v 0.0327841 -0.249896 0.927126
v -0.171996 0.0737839 0.598288
v 0.0133182 -0.165649 1.31887
v 0.00893399 -0.149696 1.35953
v -0.128911 0.0292913 1.463
v -0.0373514 -0.145324 1.36192
v 0.0354508 -0.271499 1.11691
v -0.201428 -0.0425417 0.601591
v -0.121023 0.0208483 1.52193
v 0.0558795 0.213411 0.944632
v 0.0151094 0.220222 1.14741
v -0.202063 -0.0443839 0.576696
v -0.0442362 0.185245 0.7439
v 0.0209207 0.228811 1.17782
v 0.020426 0.245408 1.22258
v -0.0328787 -0.107022 1.41674
v 0.0123983 0.231632 0.850283
v 0.044608 0.218855 0.84347
v 0.00447079 -0.110967 1.41637
v -0.0254224 0.12901 0.689173
v 0.0737627 0.235491 1.21956
v 0.017935 0.253017 1.27099
v -0.0782631 0.269437 1.37312
v -0.0255003 -0.115329 1.49811
v 0.00604909 0.25376 0.761857
v -0.019118 0.203568 0.727714
v 0.0115582 0.166153 0.716714
v 0.0392928 0.220102 0.800704
v -0.0750608 0.274745 1.42326
v -0.0891566 -0.0877094 1.5367
v -0.0619322 0.0103011 0.665082
v 0.0681455 0.244619 1.2679
v 0.115271 -0.225426 1.15493
v -0.0355723 -0.0199149 0.663644
v -0.00451852 -0.0949608 0.693077
v -0.0986605 0.01948 0.555327
v -0.0972331 0.0216107 0.578885
v -0.139232 0.132005 1.5032
v 0.0134116 -0.128297 0.721044
v 0.133968 -0.124369 1.33671
v 0.0759883 -0.0982192 1.41246
v 0.0396365 -0.0785827 0.686281
v 0.111876 0.192334 1.14716
v 0.105637 0.242927 1.35173
v 0.0912652 0.199845 0.83815
v 0.155724 -0.149831 1.21944
v 0.161722 -0.17118 1.17784
v 0.122597 -0.247623 1.06357
v 0.122153 0.217061 1.22109
v 0.014174 0.29203 1.40218
v 0.0712983 -0.0878547 1.42886
v 0.132828 -0.190465 0.883231
v 0.108415 -0.0854264 1.40825
v 0.166351 0.196409 1.27028
v -0.232462 -0.00734217 0.470325
v -0.136901 -0.0572855 0.456483
v 0.134318 -0.205354 0.930687
v 0.115474 -0.112348 0.754284
v -0.131116 0.0545281 0.441901
v 0.114043 -0.0307586 1.46965
v -0.233509 -0.0085062 0.445167
v 0.154512 -0.113945 0.809442
v -0.112628 0.0363327 0.463374
v -0.0842104 0.143622 1.60325
v 0.146792 -0.136621 1.25732
v -0.119409 -0.0400534 0.432402
v -0.114243 0.0350606 0.438989
v 0.157369 0.1975 1.31539
v 0.176825 -0.112329 1.24056
v 0.0939772 -0.0475626 0.688931
v -0.103596 0.0109096 0.460067
v 0.189147 0.126413 1.06761
v -0.0240361 0.221507 1.56056
v -0.0474937 0.08089 1.6526
v 0.164736 -0.139984 0.851772
v 0.0932879 0.0886902 0.689968
v 0.204475 -0.123113 1.14928
v 0.0768697 -0.0913305 1.50038
v 0.101196 -0.0644948 1.50331
v -0.0299268 0.286313 0.598194
v 0.15717 0.172344 1.40598
v 0.182037 -0.0845935 0.824475
v 0.0383974 0.254539 0.591848
v -0.0112379 0.298895 0.600144
v 0.0476763 0.260892 1.50398
v -0.0538563 -0.126664 1.66445
v 0.193079 -0.106245 0.866812
v -0.0466122 0.131046 1.64748
v -0.0219467 0.132912 1.65641
v 0.149749 0.0872337 0.714747
v 0.189008 0.148715 1.19
v 0.183246 0.130462 1.11763
v -0.0570251 -0.136611 1.68514
v -0.102452 -0.0562052 1.68903
v -0.0928951 -0.00216032 1.70446
v 0.225289 -0.0859419 0.980285
v 0.185153 0.103847 0.829361
v 0.165838 0.024578 1.41959
v 0.118207 -0.0407055 0.625089
v 0.215751 -0.131375 1.00744
v 0.202482 0.0997337 0.942783
v 0.218591 -0.04331 1.32163
v -0.0277425 -0.147852 1.67707
v 0.101354 -0.0217297 0.621399
v 0.0940481 0.00294462 0.619443
v 0.136651 0.0438905 1.45688
v 0.198892 0.0635399 0.664936
v 0.0982648 0.0248398 0.572556
v 0.165115 0.124683 1.41739
v 0.132824 0.0503547 1.47244
v 0.0209098 0.0724157 1.67105
v 0.19964 -0.119536 0.911824
v -0.160919 0.0493272 0.29934
v 0.220138 0.129437 1.23668
v 0.216864 0.0653753 0.935704
v 0.152046 0.0746412 0.602505
v 0.1526 0.0729554 0.57619
v 0.245671 -0.00919005 1.32072
v -0.0769161 0.0378785 1.77679
v 0.196829 -0.0293838 0.744118
v 0.121864 -0.000524057 1.56602
v -0.214745 0.0326799 0.269461
v 0.205622 0.0638204 1.3806
v 0.0859064 -0.088493 1.64607
v 0.0612912 0.0496048 1.67045
v 0.125784 -0.048133 0.528682
v -0.101 -0.140367 1.71709
v 0.200803 -0.0149872 0.813786
v 0.240364 0.0866652 1.20556
v 0.262073 -0.0367697 1.23873
v 0.224891 0.0179637 0.613441
v 0.179818 0.0692632 0.527136
v 0.112397 0.0415015 0.498108
v 0.130663 0.0588345 0.498802
v 0.283925 -0.0292467 1.24579
v 0.26774 -0.0410379 1.21456
v 0.269848 -0.00783235 1.30401
v 0.242775 -0.0473541 1.03688
v 0.298528 -0.0398933 1.19716
v 0.119205 -0.0829863 1.73182
v -0.0257002 -0.220204 1.71211
v -0.0223102 -0.248436 1.71499
v 0.0179027 0.0739817 1.80817
v -0.0175502 0.0709995 1.80014
v 0.105859 -0.0446431 1.71715
v -0.168733 -0.0585558 1.81583
v -0.13824 0.0130073 1.83695
v 0.269507 -0.0301916 1.04469
v 0.22136 0.0400426 0.506269
v 0.222142 0.0390933 0.481092
v 0.0776656 -0.230638 1.7371
v -0.179047 -0.0938054 1.83502
v -0.16223 -0.183578 1.81164
v 0.308239 -0.0638571 1.04259
v -0.0379723 0.0820929 1.88217
v 0.0439387 -0.281764 1.72162
v 0.00447519 0.0858474 1.894
v 0.130225 -0.0123123 1.78016
v -0.114184 -0.28796 1.79666
v 0.144002 -0.0484688 1.77403
v 0.165422 -0.0472221 1.81862
v -0.107687 -0.252611 1.77497
v 0.0394425 -0.335041 1.71805
v 0.34345 0.0523069 1.0861
v 0.0660815 -0.313968 1.73748
v 0.0868859 -0.319744 1.75706
v -0.176606 -0.148939 1.90879
v 0.124689 -0.243067 1.79709
v 0.148875 -0.00763769 1.82443
v 0.122935 0.0262033 1.82467
v -0.0593839 -0.366422 1.71996
v -0.113049 0.0346951 1.95186
v -0.0907885 -0.314394 1.76075
v 0.152722 -0.222413 1.84248
v -0.142618 -0.243914 1.90305
v -0.10191 -0.356726 1.80412
v -0.133249 -0.0344393 1.9903
v 0.166746 -0.194268 1.89518
v 0.10103 -0.388614 1.79298
v 0.125607 0.0260889 1.91747
v 0.330994 -0.0415961 0.907831
v 0.0624957 0.0280404 1.98582
v -0.11828 -0.0587805 2.0037
v -0.155547 -0.168676 1.95296
v 0.411419 -0.0587615 0.931042
v -0.116715 -0.234167 1.97805
v 0.0895593 -0.436746 1.76785
v 0.0881553 -0.44708 1.79456
v 0.000389018 0.0170661 2.00975
v -0.0170303 -0.0166972 2.03045
v 0.161773 -0.162259 1.94503
v 0.104557 -0.266018 1.954
v 0.144066 -0.0472444 1.96915
v 0.154621 -0.0744964 1.96274
v -0.112371 0.000809321 2.07433
v -0.0833668 -0.496473 1.74977
v 0.432537 -0.0493974 0.870041
v 0.0749734 -0.499224 1.79304
v 0.118389 -0.043735 2.00585
v 0.125246 -0.241835 1.96786
v 0.428359 -0.071352 0.850977
v 0.0703459 -0.516128 1.78175
v 0.05571 -0.509431 1.81162
v -0.0642377 -0.267069 1.9737
v 0.080042 -0.0452641 2.02419
v 0.43591 -0.0133284 0.737949
v 0.386164 -0.0324961 0.694324
v -0.243395 -0.0516027 1.0461
v -0.0623839 -0.0159354 2.02032
v -0.0985358 0.00802337 2.04544
v 0.114132 0.0190147 2.07795
v -0.242821 0.0886794 1.21353
v -0.150071 -0.143047 1.24078
v -0.128592 0.187884 1.16441
v -0.221823 0.0435132 1.35928
v -0.0824578 0.206558 1.15574
v -0.157153 0.173671 1.41296
v -0.103136 -0.0511715 0.695005
v -0.0937274 -0.0967822 0.719714
v -0.0802366 0.117582 0.699142
v -0.0890508 0.0592194 0.671554
v 0.1104 0.192605 1.10829
v 0.07206 -0.0831972 1.44639
v 0.0747237 -0.0591003 0.6869
v 0.175972 -0.169328 0.943315
v 0.0467314 -0.168268 1.69652
v 0.0181761 0.0481016 1.74802
v -0.0329943 -0.385242 1.6973
v -0.0519094 -0.391065 1.70803
v -0.0925367 -0.147584 2.02634
v -0.0962097 0.0917597 0.692927
v -0.030749 -0.100398 1.43082
v -0.0275872 -0.164389 1.68977
v -0.236053 -0.063778 1.09362
v -0.430007 -0.0124897 0.721581
v -0.449362 -0.0232773 0.728024
v -0.436351 -0.0502126 0.854242
v -0.407832 0.00391706 0.924335
v -0.34845 -0.0675418 1.06027
v -0.359532 -0.0710635 1.03905
v -0.235692 0.00993563 1.01704
v -0.229665 -0.10607 1.06832
v -0.277088 0.0615665 1.12447
v -0.331133 0.042374 1.19101
v -0.313503 0.0336403 1.2495
v -0.195906 -0.174181 1.075
v -0.224791 -0.0485285 1.29382
v -0.227976 0.108533 1.31587
v -0.204201 -0.0419544 1.35226
v -0.100639 -0.194523 1.21655
v -0.204685 0.0478715 0.795616
v -0.0999713 -0.260164 1.05524
v -0.0802784 -0.211083 0.864731
v -0.117727 -0.248398 1.01547
v -0.127689 -0.116202 1.35751
v -0.171736 0.170358 1.3478
v -0.175548 0.0814088 0.734736
v -0.133634 0.206526 1.21062
v -0.0819791 0.207979 1.05643
v -0.142974 0.10493 0.734035
v -0.131757 0.219783 1.26284
v -0.148924 -0.0131783 1.42369
v -0.0473976 -0.241462 1.18011
v -0.0322081 -0.162403 0.768469
v -0.0123165 -0.223379 1.21531
v -0.13953 0.0770666 0.665047
v -0.0771335 -0.11176 1.39653
v -0.046673 0.217446 0.840223
v -0.11737 0.229748 1.34529
v -0.122682 -0.00516118 1.45947
v 0.0626716 -0.173754 1.27615
v -0.0693019 -0.0963978 1.41803
v 0.0743558 -0.24352 1.16087
v 0.0302211 -0.225291 1.20984
v 0.0360064 -0.268506 0.972145
v -0.0331456 0.25163 1.27819
v -0.173264 0.0721888 0.572523
v 0.0137473 0.219362 1.10682
v 0.0574385 -0.161632 1.313
v -0.0737591 0.163405 0.733732
v -0.0917424 0.0268043 0.643415
v 0.0860649 -0.252193 0.968923
v 0.11687 -0.200377 1.19524
v 0.101014 -0.150624 1.30503
v 0.00669169 -0.104662 1.42955
v 0.0112811 -0.110319 1.46669
v -0.0611353 -0.101925 1.50099
v 0.00597069 -0.00803525 0.659517
v 0.106868 0.193558 1.00055
v 0.0425627 -0.0984842 1.44395
v -0.0950204 0.0655577 1.60191
v -0.108019 0.0383609 1.59965
v -0.089884 0.160251 1.5713
v -0.0911181 0.0870483 1.60206
v -0.117132 -0.0386851 0.456689
v -0.115095 -0.0363312 0.480637
v 0.0980907 -0.0601526 1.46917
v 0.0957308 -0.0625816 1.44647
v -0.0804995 -0.0960757 1.60742
v -0.0380378 0.229821 0.626975
v 0.039748 0.0345158 0.66119
v 0.0460309 0.00148297 0.662193
v 0.0639968 0.00514118 0.664941
v 0.0712684 0.0572205 0.671127
v 0.101543 0.257184 1.39972
v 0.119511 -0.051184 1.42639
v 0.0768843 0.0301098 0.663297
v 0.148235 0.10953 0.745847
v -0.0333755 0.246122 0.578931
v 0.165454 0.164162 1.36944
v 0.00613027 -0.140469 1.65702
v 0.00275856 0.241763 0.555929
v 0.0303951 0.28087 0.588734
v 0.181901 -0.0353542 1.38611
v -0.123717 -0.0687286 1.73897
v 0.2085 0.0909425 1.12837
v 0.190518 0.104583 0.884166
v -0.110528 -0.0148934 1.75264
v -0.0828275 0.0127309 1.741
v 0.216934 -0.058292 1.21543
v -0.0572165 0.0363577 1.72521
v 0.163471 -0.0527527 0.658561
v 0.180164 0.12128 1.38802
v 0.174126 0.0854307 0.750331
v -0.0330733 0.0456094 1.73548
v 0.218471 -0.0816389 0.929557
v 0.211892 -0.0718055 0.881513
v 0.232068 -0.0770379 1.10138
v 0.191062 -0.0458133 0.637128
v 0.187879 -0.0445745 0.66275
v 0.22075 0.0801498 1.17119
v 0.228906 0.0195758 0.980575
v 0.0416712 0.0533173 1.69637
v 0.214423 0.0439809 0.667483
v 0.154406 0.0697875 0.525592
v -0.131538 0.0223258 0.25282
v 0.251774 0.0162659 1.33035
v 0.105577 0.0777822 1.55237
v -0.134331 -0.0168213 1.78165
v 0.203385 0.0096526 0.820474
v 0.108851 0.162674 1.53998
v 0.21002 -0.0296395 0.639349
v 0.216201 0.0181544 0.756334
v 0.10256 0.0173776 0.497287
v 0.113743 0.039676 0.473263
v 0.27648 -0.0505904 1.1064
v -0.0636307 0.0681685 1.82896
v -0.155279 -0.0455367 0.244332
v -0.17361 -0.0508871 0.24243
v 0.102778 -0.0385613 1.69098
v 0.017386 0.0566304 1.77126
v 0.211585 0.0155903 0.787572
v 0.226622 -0.00289247 0.909517
v 0.237285 0.0386379 1.07169
v 0.237479 0.0291831 1.05026
v 0.238196 0.00744738 1.02622
v 0.255573 0.0442335 1.3282
v 0.253288 0.0712345 1.31631
v 0.156552 0.0675542 0.474756
v 0.0981332 -0.0158952 1.72359
v 0.132352 0.0574431 0.474256
v 0.143277 -0.129602 1.75573
v 0.0790265 0.038504 1.78011
v -0.160497 0.0468082 0.176385
v -0.0861875 -0.249347 1.74715
v 0.178539 -0.0623991 0.481533
v 0.151709 -0.0598981 0.505474
v -0.22669 0.0133369 0.154824
v 0.0748966 -0.255552 1.73937
v -0.0796461 -0.280435 1.74364
v 0.0131378 0.0852701 1.85091
v 0.107833 0.017671 1.78177
v 0.147783 -0.0884763 1.76499
v 0.0979422 -0.261578 1.76192
v -0.100793 -0.282998 1.76699
v 0.369102 -0.0435517 1.08918
v -0.12432 0.030783 1.8969
v -0.13206 0.0216624 1.92844
v -0.166346 0.0243656 0.119658
v 0.0503092 0.0754218 1.90539
v 0.198828 0.0435778 0.382587
v -0.128781 -0.263401 1.84641
v -0.139715 0.0308253 1.9649
v 0.364346 0.0355298 1.09887
v 0.373357 0.0326468 1.07562
v 0.0132605 -0.397522 1.67937
v 0.035553 -0.411332 1.67216
v -0.00972441 -0.399432 1.67633
v 0.101451 -0.327869 1.78411
v -0.144756 -0.0262906 1.96
v 0.0199737 0.0447154 1.98072
v 0.13121 0.0248185 0.292957
v -0.0972625 -0.339818 1.88031
v -0.0805749 0.01552 1.99106
v -0.0857895 -0.463773 1.73958
v 0.142054 0.0305352 1.9699
v -0.0881647 0.00758908 2.01987
v 0.220935 -0.0235347 0.274654
v -0.0837996 -0.0529287 2.0247
v -0.0880008 -0.473005 1.76651
v -0.122307 0.0337646 2.07
v 0.068211 -0.480627 1.70279
v -0.132254 -0.135595 1.99685
v 0.0642915 -0.408532 1.86995
v 0.0671291 -0.380508 1.88615
v -0.0924033 -0.0976514 2.02874
v 0.0989613 0.00393 2.04475
v 0.145535 0.0242409 2.04786
v -0.0182858 -0.385915 1.91198
v 0.0103888 -0.104005 2.05149
v 0.0478338 -0.355492 1.9238
v 0.015982 -0.357297 1.93289
v 0.443361 -0.034181 0.827067
v 0.398038 -0.0160227 0.712733
v 0.381351 -0.0288234 0.711748
v 0.408738 -0.0780824 0.669633
v 0.444301 -0.0684708 0.67239
v 0.277822 -0.0429307 1.05357
v 0.0749082 0.00338936 2.01049
v 0.108356 0.0137062 2.06893
v 0.0637432 0.0308013 0.664711
v -0.23725 -0.0314149 0.998692
v -0.189928 0.118189 0.929636
v -0.160751 -0.218372 1.0425
v -0.246409 0.0907639 1.29904
v -0.157779 -0.124805 1.27268
v -0.0834032 -0.135633 1.36047
v -0.101901 -0.0682093 0.704337
v 0.011724 0.222442 0.895134
v -0.115047 0.0523152 1.52823
v -0.113243 0.0790796 1.53328
v 0.0997839 -0.0714377 1.42796
v 0.152967 0.165955 1.05873
v -0.0711653 0.0839324 1.62977
v -0.103075 -0.0880973 1.71079
v -0.0641049 -0.155588 1.69951
v 0.224519 0.048809 0.999771
v 0.103047 -0.0759165 1.70942
v 0.118866 -0.0483279 1.7409
v 0.0912256 0.00944014 1.75244
v 0.0950357 0.0322915 1.96994
v 0.0485155 0.00350728 2.01195
v -0.171826 -0.198256 1.1099
v -0.0267737 0.180668 0.732366
v -0.075001 0.0107681 2.00219
v -0.255974 0.0465763 1.10901
v -0.00232573 0.0315641 0.658124
v -0.101705 0.096164 1.56929
v 0.222297 -0.0371273 0.894443
v -0.102726 0.0393447 1.93698
f 7 21 12 2447
f 5 15 21 7
f 21 25 32 12
f 2447 12 2568 1
f 2447 2 3 7
f 11 19 15 5
f 15 13 25 21
f 6 5 7 3
f 32 25 2570 35
f 12 32 22 2568
f 1 2568 10 14
f 2447 1 4 2
f 2 9 6 3
f 19 11 30 2896
f 19 28 13 15
f 6 16 11 5
f 13 28 2570 25
f 35 2570 45 49
f 35 31 22 32
f 22 8 10 2568
f 10 24 18 14
f 1 14 17 4
f 2 4 17 9
f 6 9 20 16
f 29 30 11 16
f 2896 30 40 42
f 28 19 2896 2895
f 2895 45 2570 28
f 49 45 48 63
f 49 43 31 35
f 8 22 31 33
f 8 33 24 10
f 24 26 27 18
f 14 18 23 17
f 17 23 20 9
f 16 20 34 29
f 40 30 29 41
f 42 40 56 2573
f 2895 2896 42 2571
f 2571 48 45 2895
f 63 48 65 66
f 63 46 43 49
f 39 33 31 43
f 33 39 26 24
f 27 26 38 44
f 23 18 27 2569
f 2569 34 20 23
f 41 29 34 37
f 51 56 40 41
f 60 67 2573 56
f 2571 42 2573 55
f 2571 55 65 48
f 66 65 76 82
f 66 59 46 63
f 43 46 47 39
f 39 47 38 26
f 38 2572 50 44
f 2569 27 44 36
f 2569 36 37 34
f 41 37 53 51
f 60 56 51 62
f 75 77 67 60
f 74 55 2573 67
f 74 76 65 55
f 76 81 90 82
f 82 71 59 66
f 59 2574 47 46
f 47 2574 2572 38
f 2572 58 57 50
f 44 50 52 36
f 37 36 52 53
f 62 51 53 61
f 62 69 75 60
f 75 2575 86 77
f 74 67 77 87
f 87 81 76 74
f 81 101 96 90
f 90 94 71 82
f 2574 59 71 64
f 64 58 2572 2574
f 70 57 58 72
f 57 54 52 50
f 61 53 52 54
f 61 68 69 62
f 2575 75 69 78
f 91 88 86 2575
f 97 87 77 86
f 87 97 101 81
f 123 96 101 114
f 94 90 96 106
f 64 71 94 84
f 84 72 58 64
f 73 54 57 70
f 79 70 72 85
f 54 73 68 61
f 78 69 68 83
f 91 2575 78 2897
f 98 103 88 91
f 102 97 86 88
f 97 102 114 101
f 107 106 96 123
f 114 124 129 123
f 89 84 94 106
f 85 72 84 89
f 73 70 79 80
f 85 95 100 79
f 83 68 73 80
f 2897 78 83 92
f 91 2897 109 98
f 98 119 115 103
f 88 103 108 102
f 102 108 124 114
f 106 107 99 89
f 107 123 129 122
f 130 143 129 124
f 89 99 95 85
f 80 79 100 93
f 113 100 95 110
f 80 93 92 83
f 92 104 109 2897
f 109 120 119 98
f 135 115 119 134
f 125 108 103 115
f 108 125 130 124
f 112 99 107 122
f 129 143 139 122
f 155 143 130 141
f 99 112 110 95
f 105 93 100 113
f 110 111 117 113
f 92 93 105 104
f 104 126 120 109
f 134 119 120 131
f 135 118 125 115
f 2898 135 134 146
f 141 130 125 118
f 122 139 128 112
f 143 155 154 139
f 164 155 141 145
f 128 111 110 112
f 113 117 116 105
f 127 117 111 121
f 105 116 126 104
f 120 126 136 131
f 158 146 134 131
f 2898 140 118 135
f 146 157 144 2898
f 118 140 145 141
f 133 128 139 154
f 164 153 154 155
f 145 2576 165 164
f 121 111 128 133
f 132 116 117 127
f 127 121 137 142
f 132 136 126 116
f 131 136 150 158
f 156 157 146 158
f 144 149 140 2898
f 144 157 160 170
f 2576 145 140 149
f 154 153 138 133
f 164 165 163 153
f 2576 174 175 165
f 133 138 137 121
f 127 142 151 132
f 152 142 137 147
f 132 151 150 136
f 158 150 167 156
f 160 157 156 166
f 149 144 170 171
f 170 160 181 179
f 174 2576 149 171
f 138 153 163 148
f 163 165 175 168
f 174 195 196 175
f 148 147 137 138
f 159 151 142 152
f 147 162 161 152
f 151 159 167 150
f 166 156 167 176
f 166 177 181 160
f 171 170 179 185
f 188 192 179 181
f 171 185 195 174
f 148 163 168 169
f 168 175 196 187
f 200 203 196 195
f 169 162 147 148
f 152 161 172 159
f 162 184 178 161
f 159 172 176 167
f 176 180 177 166
f 181 177 197 188
f 179 192 194 185
f 188 201 204 192
f 195 185 194 200
f 169 168 187 173
f 187 196 203 199
f 205 212 203 200
f 173 184 162 169
f 161 178 182 172
f 183 178 184 190
f 180 176 172 182
f 186 197 177 180
f 197 208 201 188
f 193 194 192 204
f 201 209 207 204
f 194 193 205 200
f 191 173 187 199
f 206 199 203 212
f 221 216 212 205
f 190 184 173 191
f 189 182 178 183
f 198 211 183 190
f 180 182 189 186
f 208 197 186 210
f 218 209 201 208
f 204 207 213 193
f 207 209 229 223
f 205 193 213 221
f 199 206 202 191
f 206 212 216 217
f 232 228 216 221
f 191 202 198 190
f 183 211 2900 189
f 215 214 211 198
f 189 2900 210 186
f 218 208 210 222
f 237 229 209 218
f 223 230 213 207
f 243 231 223 229
f 213 230 232 221
f 206 217 219 202
f 220 217 216 228
f 232 2579 240 228
f 202 219 215 198
f 214 2899 2900 211
f 224 214 215 227
f 210 2900 2899 222
f 233 237 218 222
f 243 229 237 241
f 230 223 231 247
f 248 244 231 243
f 247 2579 232 230
f 225 219 217 220
f 228 240 239 220
f 251 246 240 2579
f 227 215 219 225
f 226 2899 214 224
f 227 234 238 224
f 222 2899 226 233
f 245 241 237 233
f 252 248 243 241
f 247 231 244 250
f 248 257 253 244
f 250 251 2579 247
f 220 239 236 225
f 2580 2448 236 239 240 246
f 2903 3106 246 251
f 225 236 234 227
f 224 238 2577 226
f 2578 238 234 235 2450
f 233 226 2577 245
f 252 241 245 249
f 252 260 257 248
f 250 244 253 261
f 265 253 257 2904
f 251 250 261 2903
f 2580 2901 3082 2449 2448
f 234 236 2448 235
f 3106 2581 2580 246
f 2903 2582 2454 3106
f 2577 238 2578 242
f 2450 235 2448 2449 2868
f 2560 255 2578 2450
f 242 249 245 2577
f 249 258 260 252
f 2904 257 260 269
f 265 266 261 253
f 2904 279 290 265
f 266 2582 2903 261
f 2580 2581 259 2901
f 2901 2588 2583 3082
f 2868 2449 3082 2584 264
f 2581 3106 2454 268
f 2582 274 2872 2454
f 242 2578 255 254
f 2868 2894 2560 2450
f 2560 2451 263 255
f 254 258 249 242
f 270 269 260 258
f 269 278 279 2904
f 290 284 266 265
f 296 290 279 289
f 284 274 2582 266
f 259 2581 268 273
f 272 2588 2901 259
f 2583 2588 277 287
f 3082 2583 2586 2584
f 264 2584 2587 271
f 2902 2894 2868 264
f 2872 2591 268 2454
f 294 2872 274 296
f 255 263 262 254
f 2451 2560 2894 2452
f 263 2451 2561 267
f 254 262 270 258
f 269 270 280 278
f 279 278 2905 289
f 296 274 284 290
f 294 296 289 297
f 273 268 2591 2590
f 259 273 2597 276
f 2589 277 2588 272
f 259 276 288 272
f 277 2595 324 287
f 319 2586 2583 287
f 2586 301 2587 2584
f 305 271 2587 311
f 264 271 2585 2902
f 2894 2902 256 2452
f 306 2591 2872 294
f 267 275 262 263
f 2453 2561 2451 2452
f 282 267 2561 2455
f 280 270 262 275
f 2905 278 280 293
f 297 289 2905 304
f 297 2598 306 294
f 2591 306 320 2590
f 2597 273 2590 313
f 276 2597 2596 338
f 277 2589 2605 2595
f 272 288 3083 2589
f 316 288 276 338
f 2610 324 2595 2911
f 319 287 324 322
f 319 2594 301 2586
f 301 323 311 2587
f 308 2585 271 305
f 311 336 337 305
f 256 2902 2585 2906
f 2452 256 283 2453
f 285 275 267 282
f 2561 2453 286 2455
f 2455 281 295 282
f 293 280 275 285
f 304 2905 293 303
f 304 312 2598 297
f 2598 3085 320 306
f 313 2590 320 329
f 313 2601 2596 2597
f 338 2596 2607 353
f 331 2605 2589 3083
f 2911 2595 2605 2616 340
f 2592 3083 288 316
f 338 353 2618 316
f 322 324 2610 344
f 2620 2621 2610 2911
f 322 330 2594 319
f 2594 2613 323 301
f 323 335 336 311
f 2906 2585 308 3084
f 337 2615 308 305
f 336 2913 363 337
f 256 2906 3103 315
f 315 299 283 256
f 292 286 2453 283
f 282 295 298 285
f 286 291 281 2455
f 307 295 281 300
f 303 293 285 298
f 325 312 304 303
f 328 3085 2598 312
f 320 3085 2908 329
f 313 329 2608 2601
f 2874 2607 2596 2601
f 2607 2628 2919 353
f 350 2616 2605 331
f 3083 2592 345 331
f 340 2616 350 359 364
f 2911 340 356 2620
f 316 2618 346 2592
f 353 2919 372 2618
f 2621 2626 344 2610
f 322 344 348 330
f 2620 2630 369 2621
f 2613 2594 330 334
f 323 2613 358 335
f 335 370 2913 336
f 3084 308 2615 2914
f 3084 2600 3103 2906
f 363 2635 2615 337
f 422 363 2913 2636
f 315 3103 343 2603
f 2603 2599 299 315
f 292 283 299 310
f 2593 291 286 292
f 295 307 314 298
f 300 281 291 302
f 300 302 317 307
f 303 298 314 325
f 312 325 332 328
f 2609 2908 3085 328
f 329 2908 341 333
f 329 333 387 2608
f 2874 2601 2608 2918
f 2876 2628 2607 2874
f 2648 393 2919 2628
f 331 345 352 350
f 346 349 345 2592
f 374 359 350 352
f 359 384 2920 364
f 364 2917 356 340
f 356 371 2630 2620
f 346 2618 372 367
f 386 372 2919 393
f 2621 369 2627 2626
f 344 2626 361 348
f 357 334 330 348
f 369 2630 395 394
f 334 362 358 2613
f 335 358 407 370
f 2636 2913 370 421
f 2914 2615 2635 390
f 2914 2912 2600 3084
f 2600 339 343 3103
f 422 2659 2635 363
f 2636 504 494 422
f 355 2603 343 2623
f 2599 2603 355 2910
f 299 2599 2873 310
f 310 309 2593 292
f 291 2593 2907 302
f 317 321 314 307
f 302 2907 2602 317
f 314 321 332 325
f 2611 2609 328 332
f 2617 341 2908 2609
f 341 360 2916 333
f 333 2916 379 387
f 2921 2918 2608 387
f 2918 385 2876 2874
f 2876 2649 2648 2628
f 486 393 2648 2938
f 345 349 375 352
f 346 367 398 349
f 423 384 359 374
f 375 2640 374 352
f 2654 2653 2920 384
f 364 2920 2637 2917
f 2917 392 371 356
f 395 2630 371 376
f 424 367 372 386
f 486 458 386 393
f 394 381 2627 369
f 2626 2627 365 361
f 348 361 366 357
f 368 362 334 357
f 405 394 395 435
f 358 362 444 407
f 421 370 407 2924
f 2636 421 505 504
f 2635 2659 465 390
f 2912 2914 390 2639
f 351 339 2600 2912
f 2623 343 339 351
f 494 2661 2659 422
f 494 504 580 506
f 2923 355 2623 401
f 2910 355 2923 2634
f 2599 2910 2622 2873
f 3086 309 310 2873
f 2593 309 2604 2907
f 317 2602 2606 321
f 2907 2604 2909 318 2602
f 2611 332 321 2606
f 2609 2611 2875 2617
f 354 360 341 2617
f 2631 2916 360 378
f 379 2916 2631 2644
f 387 379 2638 2921
f 2921 377 385 2918
f 2649 2876 385 2655
f 2648 2649 2671 2938
f 2938 608 646 486
f 398 2928 375 349
f 398 367 424 468
f 2940 2654 384 423
f 423 374 2640 445
f 455 2640 375 2928
f 2891 2653 2654 2880
f 2653 411 2637 2920
f 397 392 2917 2637
f 371 392 391 376
f 376 396 435 395
f 386 458 437 424
f 646 526 458 486
f 402 381 394 405
f 2627 381 382 365
f 2629 366 361 365
f 357 366 383 368
f 2879 444 362 368
f 405 435 453 440
f 443 2924 407 444
f 535 505 421 2924
f 636 580 504 505
f 465 2659 2661 2935
f 463 2639 390 465
f 2912 2639 373 351
f 351 373 401 2623
f 506 589 2661 494
f 2712 506 580 602
f 401 464 428 2923
f 2923 428 2925 2634
f 2634 2625 2622 2910
f 2873 2622 327 3086
f 326 2604 309 3086
f 2606 2602 318 2614
f 326 2612 2909 2604
f 2614 318 2909 2632 342
f 2875 2611 2606 2614
f 354 2617 2875 2624
f 360 354 380 378
f 2641 2877 2631 378
f 2644 2631 2877 438
f 2644 2929 2638 379
f 2638 2656 377 2921
f 2655 385 377 409
f 2655 2674 2671 2649
f 2671 571 608 2938
f 661 646 608 2882
f 468 477 2928 398
f 468 424 437 3089
f 2880 2654 2940 538
f 445 2673 2940 423
f 445 2640 455 507
f 2928 477 482 455
f 2891 447 411 2653
f 567 484 2891 2880
f 397 2637 411 408
f 391 392 397 412
f 376 391 413 396
f 453 435 396 446
f 2670 437 458 526
f 2949 526 646 661
f 403 382 381 402
f 440 433 402 405
f 365 382 388 2629
f 389 383 366 2629
f 383 3088 2879 368
f 444 2879 481 443
f 473 440 453 474
f 2699 535 2924 443
f 505 535 616 636
f 636 746 602 580
f 2942 2935 2661 589
f 463 465 2935 531
f 450 373 2639 463
f 373 450 464 401
f 2717 589 506 2712
f 602 2735 794 2712
f 2667 472 428 464
f 472 2934 2925 428
f 2634 2925 415 2625
f 327 2622 2625 2642
f 3086 327 347 326
f 326 347 2915 2612
f 2632 2909 2612 2633
f 400 342 2632 2922
f 2624 2875 2614 342
f 414 380 354 2624
f 378 380 2650 2641
f 425 2877 2641 459
f 2877 425 470 438
f 438 2651 2929 2644
f 2638 2929 2657 2656
f 409 377 2656 2936
f 409 2675 2674 2655
f 2674 597 571 2671
f 571 2703 2882 608
f 2882 766 3093 661
f 468 3089 2677 477
f 437 2670 487 3089
f 3104 538 2940 2673
f 2880 538 2680 567
f 2673 445 507 519
f 507 455 482 495
f 477 2677 563 482
f 447 2891 484 2881
f 408 411 447 436
f 484 567 2457 521
f 397 408 2926 412
f 412 430 413 391
f 446 396 413 2645
f 446 456 474 453
f 2949 664 2670 526
f 661 3093 754 2949
f 403 404 388 382
f 403 402 433 420
f 2658 433 440 473
f 406 389 2629 388
f 389 2878 3088 383
f 481 2879 3088 493
f 443 481 2695 2699
f 474 483 490 473
f 2699 617 616 535
f 746 636 616 2718
f 2735 602 746 2722
f 2942 651 531 2935
f 589 2717 618 2942
f 463 531 517 450
f 464 450 517 2667
f 2712 794 2885 2717
f 2735 2747 2772 794
f 2933 472 2667 542
f 472 2933 530 2934
f 415 2925 2934 2652
f 415 399 2642 2625
f 2619 347 327 2642
f 3087 2915 347 2619
f 2633 2612 2915 417
f 2633 418 2922 2632
f 2624 342 400 414
f 2922 419 2646 400
f 2650 380 414 426
f 469 459 2641 2650
f 459 2698 539 425
f 425 539 527 470
f 438 470 554 2651
f 2929 2651 2683 2657
f 2936 2656 2657 497
f 2675 409 2936 2682
f 597 2674 2675 2681
f 597 662 2703 571
f 2882 2703 784 766
f 766 2752 2732 3093
f 3089 487 2678 2677
f 2670 664 703 487
f 2680 538 3104 2462 2562 2564 2687
f 519 2461 3104 2673
f 2680 568 2457 567
f 507 536 2459 519
f 482 563 2460 495
f 495 550 536 507
f 2678 2688 563 2677
f 522 2881 484 521
f 447 2881 467 436
f 408 436 448 2926
f 521 2457 605 2691
f 429 430 412 2926
f 457 2645 413 430
f 446 2645 449 456
f 483 474 456 466
f 754 722 664 2949
f 3093 2732 844 754
f 451 404 403 420
f 406 388 404 2647
f 420 433 2658 434
f 473 490 489 2658
f 406 2456 2878 389
f 3088 2878 2458 493
f 493 601 2695 481
f 2699 2695 2702 617
f 543 490 483 558
f 616 617 777 2718
f 971 2722 746 2718
f 2742 2747 2735 2722
f 2942 618 671 651
f 531 651 576 517
f 2885 818 618 2717
f 542 2667 517 576
f 2885 794 2772 972
f 2986 2772 2747 2987
f 630 2693 2933 542
f 530 2933 2693 2943
f 2934 530 516 2652
f 431 399 415 2652
f 2642 399 2643 2619
f 417 2915 3087 2927
f 2619 2643 2666 3087
f 417 432 418 2633
f 419 2922 418 427
f 426 414 400 2646
f 2646 419 2930 2665
f 2650 426 410 469
f 515 2698 459 469
f 627 647 539 2698
f 539 647 626 527
f 598 554 470 527
f 2683 2651 554 2689
f 497 2657 2683 553
f 497 609 2682 2936
f 2681 2675 2682 2692
f 2681 2709 662 597
f 784 2703 662 767
f 2752 766 784 1001
f 2752 2976 1213 2732
f 487 703 2705 2678
f 785 703 664 722
f 2461 2464 2462 3104
f 2562 2462 2464
f 2562 2469 645 2564
f 2687 2564 2473 637
f 2687 720 568 2680
f 2459 2686 2461 519
f 605 2457 568 3107
f 564 551 2459 536
f 619 2460 563 2688
f 550 495 2460 2685
f 550 590 564 536
f 2705 665 2688 2678
f 522 508 467 2881
f 2691 549 522 521
f 467 509 448 436
f 2926 448 496 429
f 2458 2691 605 2694
f 429 476 457 430
f 2645 457 2662 449
f 449 512 466 456
f 558 483 466 520
f 899 722 754 844
f 1215 844 2732 1213 979
f 2647 404 451 442
f 420 434 441 451
f 2647 454 2456 406
f 434 2658 489 2668
f 543 518 489 490
f 2458 2878 2456 503
f 493 2458 2694 601
f 689 2702 2695 601
f 2702 2884 777 617
f 558 581 577 543
f 2718 777 907 971
f 2742 2722 971 948
f 1202 2987 2747 2742
f 671 618 818 986
f 576 651 671 2708
f 818 2885 972 2760
f 576 2708 630 542
f 2772 2986 2756 972
f 2987 3109 1277 2986
f 2693 630 631 668
f 2693 668 2707 2943
f 2943 572 516 530
f 431 2652 516 2931
f 2663 2643 399 431
f 2927 3087 2666 416
f 432 417 2927 2932
f 2666 2643 2663 2664
f 427 418 432 2660
f 2930 419 427 439
f 2646 2665 410 426
f 2930 500 460 2665
f 469 410 488 515
f 3091 627 2698 515
f 3108 694 647 627
f 2953 626 647 694
f 626 704 598 527
f 554 598 705 2689
f 2689 707 553 2683
f 497 553 624 609
f 609 625 2692 2682
f 2692 663 2709 2681
f 767 662 2709 802
f 784 767 2751 1001
f 1001 1071 2976 2752
f 1284 1213 2976 1242
f 768 2705 703 785
f 785 722 899 916
f 2463 2464 2461 2686
f 2562 2464 2463 2469
f 644 698 645 2469
f 2477 2473 2564 645
f 637 2473 638 603
f 720 2687 637 620 753
f 642 568 720 859
f 2459 551 591 2686
f 3107 568 642 2961
f 2694 605 3107 2948
f 551 564 2467 2466
f 619 603 2685 2460
f 2688 665 753 620 619
f 2685 2468 590 550
f 590 2563 2467 564
f 665 2705 768 786
f 549 562 508 522
f 509 467 508 2941
f 549 2691 2458 503
f 509 523 496 448
f 429 496 475 476
f 485 2662 457 476
f 449 2662 2937 512
f 520 466 512 525
f 520 566 581 558
f 844 1215 2761 899
f 3014 979 1213 1284
f 3014 3015 3097 1215 979
f 451 441 479 442
f 2647 442 452 454
f 478 441 434 2668
f 503 2456 454 492
f 518 2672 2668 489
f 577 578 518 543
f 2948 689 601 2694
f 760 2884 2702 689
f 868 777 2884 2730
f 577 581 593 613
f 906 907 777 868
f 992 948 971 907
f 948 1063 1202 2742
f 1202 1304 3109 2987
f 1100 986 818 2760
f 774 2708 671 986
f 2760 972 2756 1199
f 631 630 2708 774
f 1277 1299 2756 2986
f 3109 3013 1366 1277
f 966 668 631 774
f 2707 668 966 967 2737
f 2943 2707 2706 572
f 2931 516 572 540
f 2931 2939 2663 431
f 2664 499 416 2666
f 416 2676 2932 2927
f 2932 461 2660 432
f 2939 498 2664 2663
f 439 427 2660 462
f 514 500 2930 439
f 410 2665 460 488
f 2669 460 500 529
f 515 488 3090 3091
f 627 3091 649 3108
f 694 3108 2954 810
f 738 704 626 2953
f 694 810 2724 2953
f 704 723 705 598
f 2689 705 706 707
f 624 553 707 2710
f 624 721 625 609
f 679 663 2692 625
f 2709 663 2714 802
f 767 802 1002 2751
f 2751 1047 1071 1001
f 1071 2991 1242 2976
f 1284 1242 2497 1350
f 785 916 879 768
f 916 899 2761 2977
f 2686 591 604 2463
f 604 644 2469 2463
f 716 698 644 639
f 2477 645 698 2478
f 672 638 2473 2477
f 603 638 2468 2685
f 619 620 637 603
f 859 720 753 787
f 859 2736 2964 642
f 551 2466 2465 591
f 3081 2961 642 2964
f 2948 3107 2961 2962
f 621 592 2466 2467
f 786 787 753 665
f 2468 652 2563 590
f 621 2467 2563 2472
f 786 768 879 1004
f 503 492 562 549
f 2941 508 562 547
f 2941 569 523 509
f 475 496 523 510
f 475 511 485 476
f 2937 2662 485 524
f 537 525 512 2937
f 565 566 520 525
f 655 593 581 566
f 1215 3097 2775 2761
f 3014 1284 1350 1378
f 1378 2500 3015 3014
f 2992 3097 3015 3016
f 491 479 441 478
f 479 480 452 442
f 502 492 454 452
f 2668 2672 501 478
f 518 578 557 2672
f 632 578 577 613
f 760 689 2948 2962
f 2730 2884 760 832
f 2730 2488 947 868
f 613 593 641 650
f 906 1023 992 907
f 868 947 946 906
f 992 1039 1063 948
f 1304 1202 1063 2788
f 1304 1216 3013 3109
f 774 986 1100 967 966
f 2760 1199 1149 1100
f 1199 2756 1299 2798
f 1338 1299 1277 1366
f 3013 1243 2992 1366
f 2737 967 2988 1088
f 2707 2737 822 2706
f 2706 2725 540 572
f 2939 2931 540 2944
f 541 499 2664 498
f 499 2679 2676 416
f 2676 2892 461 2932
f 462 2660 461 471
f 2944 513 498 2939
f 462 528 514 439
f 575 529 500 514
f 2669 3090 488 460
f 529 585 556 2669
f 649 3091 3090 612
f 2954 3108 649 2951
f 865 810 2954 3094
f 788 723 704 738
f 2953 2724 803 738
f 865 884 2724 810
f 706 705 723 769
f 706 755 2710 707
f 2710 756 721 624
f 2704 679 625 721
f 2728 2714 663 679
f 1029 1002 802 2714
f 1047 2751 1002 2774
f 1136 2991 1071 1047
f 2991 1212 2497 1242
f 2497 1349 1447 1350
f 2757 879 916 2977
f 2761 2775 1187 2977
f 2465 622 604 591
f 622 639 644 604
f 698 716 713 2478
f 2481 716 639 675
f 2477 2478 696 672
f 2468 638 672 652
f 2736 859 787 2968
f 2736 821 780 2964
f 2466 592 2470 2465
f 2961 3081 2963 2962
f 2967 3081 2964 780
f 621 2474 2471 592
f 2968 787 786 1004
f 2563 652 2476 2472
f 2472 673 2474 621
f 879 2757 1072 1004
f 547 562 492 502
f 547 548 569 2941
f 510 523 569 582
f 510 606 511 475
f 485 511 552 524
f 524 583 537 2937
f 525 537 596 565
f 566 565 654 655
f 655 678 641 593
f 2775 3097 2992 1243
f 1447 1377 1378 1350
f 2500 1378 1377 1448
f 3016 3015 2500 2502
f 3016 1338 1366 2992
f 491 534 480 479
f 478 501 532 491
f 452 480 546 502
f 501 2672 557 559
f 578 632 586 557
f 613 650 686 632
f 2962 2963 832 760
f 832 817 2488 2730
f 2488 925 905 947
f 2715 650 641 691
f 946 1038 1023 906
f 2780 1039 992 1023
f 947 905 1022 946
f 2788 1063 1039 1276
f 3000 1216 1304 2788
f 1264 1243 3013 1216
f 967 1100 1149 2988
f 1149 1199 2798 1268 2565
f 2566 2798 1299 1338
f 1088 2988 1200 1089
f 2737 1088 1005 822
f 2706 822 2729 2725
f 680 2944 540 2725
f 610 2679 499 541
f 498 513 681 541
f 2679 2945 2892 2676
f 461 2892 555 471
f 471 574 528 462
f 2944 680 2700 513
f 528 573 575 514
f 648 585 529 575
f 2669 556 612 3090
f 556 585 629 667
f 649 612 2952 2951
f 2954 2951 742 3094
f 3094 2734 886 865
f 2733 769 723 788
f 788 738 803 880
f 2724 884 846 803
f 2748 884 865 886
f 769 789 755 706
f 755 804 756 2710
f 721 756 2965 2704
f 679 2704 860 2728
f 1030 1029 2714 2728
f 2774 1002 1029 1137
f 1047 2774 1135 1136
f 1136 2789 1212 2991
f 1349 2497 1212 1263
f 1447 1349 1427 1481
f 2977 1187 1244 2757
f 1243 1264 1187 2775
f 640 622 2465 2470
f 675 639 622 640
f 713 716 2481 729
f 2478 713 714 696
f 2479 733 2481 675
f 2476 652 672 696
f 2750 821 2736 2968
f 821 2486 841 780
f 592 2471 653 2470
f 833 2963 3081 2967
f 780 841 842 2967
f 2471 2474 674 690
f 1004 1072 2984 2968
f 2472 2476 715 673
f 697 674 2474 673
f 2757 1244 1211 1072
f 502 546 548 547
f 582 569 548 579
f 582 2697 606 510
f 552 511 606 570
f 524 552 594 583
f 537 583 595 596
f 623 654 565 596
f 655 654 677 678
f 641 678 718 691
f 1481 1504 1377 1447
f 1377 1504 1540 1448
f 1448 1541 2502 2500
f 2502 2566 1338 3016
f 532 533 534 491
f 561 546 480 534
f 544 532 501 559
f 586 587 559 557
f 632 686 669 586
f 711 686 650 2715
f 2963 833 817 832
f 817 853 925 2488
f 991 905 925 970
f 691 735 2721 2715
f 946 1022 1082 1038
f 2780 1023 1038 1175
f 1274 1276 1039 2780
f 1022 905 991 2982
f 2788 1276 3012 3000
f 1313 1264 1216 3000
f 1200 2988 1149 2565
f 2566 2501 2808 1268 2798
f 2565 1268 2498 1300
f 2493 1089 1200 1217
f 1005 1088 1089 1075
f 2729 822 1005 883
f 2729 770 680 2725
f 610 599 2945 2679
f 681 2701 610 541
f 739 681 513 2700
f 2892 2945 584 555
f 555 611 574 471
f 574 2947 573 528
f 724 2700 680 770
f 2690 648 575 573
f 685 629 585 648
f 667 2952 612 556
f 667 629 743 758
f 2951 2952 773 742
f 742 885 2734 3094
f 2734 963 938 886
f 2733 881 789 769
f 2733 788 880 845
f 880 803 846 937
f 2748 937 846 884
f 2748 886 938 2749
f 755 789 2745 804
f 804 958 2965 756
f 2965 933 860 2704
f 860 2970 1030 2728
f 1029 1030 1116 1137
f 1137 1186 1135 2774
f 1135 1185 2789 1136
f 1212 2789 1241 1263
f 1263 1348 1427 1349
f 1480 1521 1481 1427
f 1313 1244 1187 1264
f 2470 653 676 640
f 2479 675 640 676
f 834 729 2481 733
f 747 714 713 729
f 696 714 715 2476
f 2479 2482 749 733
f 2750 974 2486 821
f 2968 2984 975 2750
f 874 841 2486 840
f 2471 690 2475 653
f 2967 842 891 833
f 874 875 842 841
f 734 731 690 674
f 1072 1211 1183 2984
f 697 673 715 761
f 734 674 697 762
f 1211 1244 1313 1314
f 561 579 548 546
f 582 579 600 2697
f 570 606 2697 2696
f 570 607 594 552
f 643 595 583 594
f 623 596 595 660
f 693 677 654 623
f 677 717 718 678
f 718 751 735 691
f 1521 1561 1504 1481
f 1561 1582 1540 1504
f 1448 1540 1562 1541
f 1541 1625 1570 2502
f 2502 1570 2501 2566
f 545 533 532 544
f 615 561 534 533
f 559 587 588 544
f 587 586 669 614
f 669 686 711 687
f 775 711 2715 2721
f 833 891 853 817
f 970 925 853 890
f 970 2759 1037 991
f 735 820 812 2721
f 2982 2990 1082 1022
f 1082 1253 1175 1038
f 1175 1232 1274 2780
f 1276 1274 3003 3012
f 1037 1062 2982 991
f 3000 3012 1314 1313
f 2565 1300 1217 1200
f 1437 2808 2501 1527
f 2808 3078 2498 1268
f 1428 3006 1300 2498
f 1162 1075 1089 2493
f 1217 1334 2496 2493
f 1005 1075 2980 883
f 882 770 2729 883
f 2701 2711 599 610
f 2950 584 2945 599
f 2713 2701 681 739
f 2700 724 757 739
f 584 2946 611 555
f 574 611 2684 2947
f 573 2947 628 2690
f 770 882 771 724
f 710 685 648 2690
f 685 741 743 629
f 758 773 2952 667
f 758 743 792 828
f 849 742 773 811
f 885 742 849 1078
f 2734 885 962 963
f 963 2492 1032 938
f 845 1048 881 2733
f 881 980 2745 789
f 880 937 1015 845
f 2749 1015 937 2748
f 2749 938 1032 1124
f 958 804 2745 957
f 958 934 933 2965
f 933 2741 2970 860
f 1214 1030 2970 2983
f 1116 1030 1214 1312
f 1137 1116 1285 1186
f 1186 1240 1185 1135
f 1185 1184 1241 2789
f 1263 1241 1311 1348
f 1427 1348 1376 1480
f 1521 1480 1538 1539
f 653 2475 699 676
f 676 699 2482 2479
f 747 729 834 835
f 834 733 749 797
f 761 715 714 747
f 2482 732 778 749
f 1027 974 2750 975
f 2486 974 951 840
f 2984 1183 1157 975
f 840 976 977 874
f 690 731 730 2475
f 926 891 842 875
f 874 977 914 875
f 731 734 750 764
f 1314 1235 1183 1211
f 762 697 761 795
f 762 800 750 734
f 561 615 600 579
f 2697 600 656 2696
f 2696 657 607 570
f 607 658 643 594
f 643 659 660 595
f 660 702 693 623
f 693 737 717 677
f 751 718 717 801
f 819 820 735 751
f 1609 1561 1521 1539
f 1694 1582 1561 1609
f 1562 1540 1582 2824
f 1562 1662 1625 1541
f 1651 1571 1570 1625
f 1527 2501 1570 1571
f 545 635 615 533
f 544 588 560 545
f 587 614 633 588
f 670 614 669 687
f 687 711 775 725
f 812 829 775 2721
f 890 853 891 926
f 2764 2759 970 890
f 1061 1037 2759 1060
f 887 812 820 873
f 2989 2990 2982 1062
f 2990 1275 1253 1082
f 1303 1232 1175 1253
f 1274 1232 1258 3003
f 3012 3003 1235 1314
f 1061 1155 1062 1037
f 1217 1300 3006 1334
f 3078 2808 1437 1405
f 1615 1487 1437 1527
f 2498 3078 2499 1428
f 1428 1466 1429 3006
f 1162 1091 2980 1075
f 2493 2496 2494 1162
f 1334 1379 1287 2496
f 883 2980 1049 882
f 2713 3092 2711 2701
f 2950 599 2711 2883
f 682 2946 584 2950
f 739 757 805 2713
f 757 724 771 847
f 2946 683 2684 611
f 628 2947 2684 666
f 2690 628 684 710
f 771 882 1049 1008
f 741 685 710 2959
f 792 743 741 848
f 828 811 773 758
f 939 828 792 2754
f 2755 964 849 811
f 849 964 2981 1078
f 1078 985 962 885
f 1079 2492 963 962
f 1052 1032 2492 2771
f 845 1015 1099 1048
f 980 881 1048 1073
f 2745 980 1161 957
f 1124 1099 1015 2749
f 1032 1052 1148 1124
f 957 1074 934 958
f 1003 2741 933 934
f 2970 2741 2769 2983
f 1219 2783 1214 2983
f 1214 2783 1289 1312
f 1312 3018 1285 1116
f 1186 1285 1333 1240
f 1240 1310 1184 1185
f 1310 1311 1241 1184
f 1376 1348 1311 1393
f 1503 1538 1480 1376
f 1505 1564 1539 1538
f 699 2475 730 2480
f 732 2482 699 2480
f 836 835 834 797
f 747 835 795 761
f 749 778 856 797
f 748 838 778 732
f 1027 1044 951 974
f 975 1157 1084 1027
f 840 951 952 976
f 1183 1235 1206 1157
f 978 977 976 1046
f 2960 730 731 764
f 2765 926 875 914
f 978 999 914 977
f 764 750 779 799
f 800 762 795 2485
f 870 779 750 800
f 635 656 600 615
f 2696 656 728 657
f 692 658 607 657
f 700 659 643 658
f 660 659 701 702
f 702 719 737 693
f 717 737 783 801
f 871 819 751 801
f 820 819 872 873
f 1539 1564 1585 1609
f 2824 1582 1694 3044
f 1694 1609 1585 1611
f 2824 1624 1662 1562
f 1662 1678 1651 1625
f 1595 1571 1651 1652
f 1527 1571 1595 1615
f 560 695 635 545
f 560 588 633 634
f 614 670 688 633
f 687 725 726 670
f 813 725 775 829
f 812 887 866 829
f 890 926 2765 2764
f 1059 1060 2759 2764
f 1061 1060 1108 1109
f 873 896 902 887
f 3002 1275 2990 2989
f 2989 1062 1155 1231
f 1253 1275 1254 1303
f 1303 1281 1258 1232
f 1235 3003 1258 1206
f 1109 1129 1155 1061
f 1334 3006 1429 1379
f 1437 1487 1488 1405
f 1405 2814 2499 3078
f 1572 1487 1615 1616
f 2499 1542 1466 1428
f 1449 1429 1466 1482
f 1140 1091 1162 2494
f 1090 1049 2980 1091
f 2496 1287 2495 2494
f 1315 1287 1379 1397
f 2966 3092 2713 805
f 2883 2711 3092 2958
f 2883 708 682 2950
f 740 683 2946 682
f 847 806 805 757
f 2762 847 771 1008
f 683 709 666 2684
f 666 772 684 628
f 710 684 790 2959
f 1049 1090 1076 1008
f 741 2959 809 848
f 936 2754 792 848
f 811 828 939 2755
f 2754 984 940 939
f 2979 964 2755 1016
f 1080 2981 964 2979
f 1078 2981 2985 985
f 962 985 1122 1079
f 1123 2771 2492 1079
f 1168 1052 2771 1147
f 1099 1144 1073 1048
f 1073 1117 1161 980
f 957 1161 1188 1074
f 1124 1148 1144 1099
f 1168 1196 1148 1052
f 1138 1003 934 1074
f 2769 2741 1003 1139
f 2983 2769 1220 1219
f 2783 1219 2758 1006
f 1006 1118 1289 2783
f 1289 3017 3018 1312
f 3018 1395 1333 1285
f 1240 1333 1394 1310
f 1394 1393 1311 1310
f 1393 1502 1503 1376
f 1503 1545 1505 1538
f 1484 1543 1564 1505
f 730 2960 763 2480
f 2480 763 748 732
f 2485 795 835 836
f 908 836 797 856
f 778 838 857 856
f 837 838 748 2484
f 1027 1084 2767 1044
f 952 951 1044 1045
f 1084 1157 1206 1205
f 976 952 2776 1046
f 1046 1086 1028 978
f 796 2960 764 799
f 914 999 1036 2765
f 1028 2768 999 978
f 2740 798 799 779
f 870 800 2485 2487
f 2744 2740 779 870
f 635 695 728 656
f 692 657 728 745
f 736 700 658 692
f 701 659 700 2723
f 2719 719 702 701
f 737 719 782 783
f 871 801 783 839
f 895 872 819 871
f 873 872 913 896
f 1523 1585 1564 1543
f 1611 1663 3044 1694
f 3044 3045 1624 2824
f 1585 1523 1586 1611
f 1624 1744 1678 1662
f 1652 1651 1678 1745
f 1652 1701 1630 1595
f 1595 1630 1616 1615
f 634 727 695 560
f 688 712 634 633
f 726 744 688 670
f 725 813 776 726
f 850 813 829 866
f 887 902 941 866
f 2764 2765 1036 1059
f 1060 1059 1107 1108
f 1108 1128 1154 1109
f 942 987 902 896
f 3002 1365 1254 1275
f 2989 1231 1326 3002
f 1155 1129 1273 1231
f 1281 1303 1254 1282
f 1205 1206 1258 1281
f 1109 1154 1251 1129
f 1379 1429 1449 1397
f 1488 1487 1572 1617
f 1488 1573 2814 1405
f 2499 2814 1583 1542
f 1616 1653 1669 1572
f 1542 1584 1482 1466
f 1449 1482 1522 1544
f 1218 1090 1091 1140
f 2495 2796 1140 2494
f 2799 2495 1287 1315
f 1397 1467 1380 1315
f 2958 3092 2966 823
f 807 2966 805 806
f 2957 708 2883 2958
f 740 682 708 2738
f 740 825 709 683
f 1119 2974 806 847 2762
f 2762 1008 1076 1120
f 709 826 772 666
f 772 791 790 684
f 2959 790 808 809
f 1090 1218 1095 1076
f 848 809 919 936
f 936 3095 984 2754
f 1016 2755 939 940
f 940 984 2975 965
f 2978 1033 2979 1016
f 1145 2985 2981 1080
f 2979 1033 2779 1080
f 2985 1195 1122 985
f 1122 1194 1123 1079
f 2771 1123 2993 1147
f 1147 2785 1197 1168
f 1073 1144 1267 1117
f 1117 1265 1188 1161
f 1074 1188 3001 1138
f 1148 1196 1267 1144
f 1197 1297 1196 1168
f 1138 1286 1139 1003
f 1189 1220 2769 1139
f 1007 2758 1219 1220
f 2974 1006 2758 807 806
f 1119 1118 1006 2974
f 2997 3017 1289 1118
f 3018 3017 1381 1395
f 1395 1483 1394 1333
f 1394 1483 1502 1393
f 1501 1545 1503 1502
f 1484 1505 1545 1431
f 1380 1543 1484 1335
f 2483 763 2960 796
f 2484 748 763 2483
f 2487 2485 836 908
f 856 857 927 908
f 2743 857 838 837
f 2484 869 911 837
f 2767 1084 1205 2994
f 1045 1044 2767 1085
f 1045 1087 2776 952
f 2776 2777 1086 1046
f 1112 1028 1086 1133
f 796 799 798 854
f 1036 999 2768 1106
f 1112 1134 2768 1028
f 798 2740 912 858
f 2487 928 2744 870
f 2744 973 912 2740
f 745 728 695 727
f 745 752 736 692
f 2731 2723 700 736
f 2723 2727 2719 701
f 782 719 2719 781
f 839 783 782 843
f 871 839 894 895
f 913 872 895 931
f 942 896 913 950
f 1380 1467 1523 1543
f 1586 1627 1663 1611
f 3044 1663 1713 3045
f 3045 1811 1744 1624
f 1523 1467 1544 1586
f 1745 1678 1744 1838
f 1745 1780 1701 1652
f 1779 1687 1630 1701
f 1687 1653 1616 1630
f 2956 727 634 712
f 688 744 2716 712
f 726 776 830 744
f 850 814 776 813
f 866 941 921 850
f 941 902 987 1017
f 1036 1106 1107 1059
f 1108 1107 1174 1128
f 2786 1322 1154 1128
f 998 1018 987 942
f 3002 1326 1371 1365
f 1282 1254 1365 1259
f 1231 1273 1324 1326
f 1129 1251 1252 1273
f 1205 1281 1282 2994
f 1154 1322 1323 1251
f 1397 1449 1544 1467
f 1572 1669 1631 1617
f 1617 1632 1573 1488
f 1633 1583 2814 1573
f 1542 1583 1563 1584
f 1669 1653 1737 1736
f 1522 1482 1584 3036
f 1586 1544 1522 1627
f 1140 2796 2790 1218
f 2495 2799 1288 2796
f 1315 1380 1335 2799
f 935 823 2966 807
f 2958 823 2720 2957
f 2739 2738 708 2957
f 900 825 740 2738
f 825 827 826 709
f 1120 2778 1119 2762
f 1076 1095 1141 1120
f 826 861 791 772
f 790 791 863 808
f 808 2746 919 809
f 1094 1095 1218 2790
f 919 961 3095 936
f 1192 2975 984 3095
f 1016 940 965 2978
f 2975 1296 1193 965
f 2999 1198 1033 2978
f 1167 1195 2985 1145
f 2779 1146 1145 1080
f 1033 1198 1298 2779
f 1195 2887 1194 1122
f 1194 1266 2993 1123
f 1147 2993 1383 2785
f 1403 1356 1197 2785
f 1267 1358 1265 1117
f 3001 1188 1265 1245
f 1138 3001 1291 1286
f 1196 1297 1358 1267
f 1197 1356 1222 1297
f 1139 1286 1190 1189
f 1220 1189 2766 1007
f 935 807 2758 1007
f 2778 2997 1118 1119
f 1351 1381 3017 2997
f 1395 1381 1450 1483
f 1450 1501 1502 1483
f 1398 1431 1545 1501
f 1335 1484 1431 1399
f 796 854 855 2483
f 2484 2483 855 869
f 927 928 2487 908
f 927 857 2743 2973
f 837 911 2490 2743
f 949 911 869 2489
f 1085 2767 2994 1207
f 1085 1179 1087 1045
f 1158 2777 2776 1087
f 1086 2777 1239 1133
f 1133 1181 1208 1112
f 858 2969 854 798
f 2768 1134 1159 1106
f 1208 1209 1134 1112
f 912 893 2969 858
f 928 994 973 2744
f 973 993 893 912
f 2956 752 745 727
f 752 793 2731 736
f 2731 816 2727 2723
f 781 2719 2727 765
f 843 782 781 877
f 843 878 894 839
f 930 931 895 894
f 913 931 997 950
f 942 950 1026 998
f 1647 1713 1663 1627
f 1787 1811 3045 1713
f 1744 1811 1837 1838
f 1745 1838 1812 1780
f 1780 1795 1779 1701
f 1687 1779 1782 1756
f 1756 1737 1653 1687
f 712 2716 2955 2956
f 759 2716 744 830
f 814 851 830 776
f 921 922 814 850
f 988 921 941 1017
f 1017 987 1018 1034
f 1106 1159 1174 1107
f 1174 1230 2786 1128
f 3027 1322 2786 1321
f 1101 1018 998 1067
f 1371 1326 1324 1415
f 2791 1259 1365 1371
f 2994 1282 1259 1207
f 1324 1273 1252 1325
f 1342 1252 1251 1323
f 3027 1412 1323 1322
f 1688 1631 1669 1736
f 1617 1631 1670 1632
f 1573 1632 1671 1633
f 1626 1563 1583 1633
f 3036 1584 1563 1610
f 1796 1736 1737 1781
f 3036 1647 1627 1522
f 2790 2796 1288 2795
f 2799 1335 1399 1288
f 935 982 2720 823
f 2957 2720 917 2739
f 2739 824 900 2738
f 918 827 825 900
f 862 861 826 827
f 1120 1141 2797 2778
f 1246 1141 1095 1094
f 791 861 864 863
f 808 863 960 2746
f 2746 2753 961 919
f 2790 2795 1246 1094
f 2787 1014 1192 3095 961
f 1192 1014 1433 1296 2975
f 2999 2978 965 1193
f 1193 1296 2812 2806
f 1434 2807 1198 2999
f 1195 1167 3011 2887
f 1167 1145 1146 2804
f 1146 2779 1298 3007
f 2807 1404 1298 1198
f 1266 1194 2887 1319
f 1266 1357 1383 2993
f 2785 1383 1432 1403
f 1352 1292 1356 1403
f 1358 1396 1245 1265
f 1245 1396 1291 3001
f 1190 1286 1291 1093
f 1396 1358 1297 1222
f 1221 1222 1356 1292
f 2770 2766 1189 1190
f 1007 2766 982 935
f 2797 1351 2997 2778
f 1450 1381 1351 1430
f 1398 1501 1450 1430
f 1336 1399 1431 1398
f 2969 892 855 854
f 855 892 2489 869
f 994 928 927 2973
f 2743 2490 929 2973
f 911 949 1041 2490
f 1041 949 2489 2972
f 1207 1236 1179 1085
f 1087 1179 1238 1158
f 1158 1180 1239 2777
f 1133 1239 2995 1181
f 1181 2794 2793 1208
f 1209 1229 1159 1134
f 3004 1209 1208 2793
f 893 909 892 2969
f 2491 993 973 994
f 910 909 893 993
f 2955 793 752 2956
f 816 2731 793 831
f 2727 816 876 765
f 877 781 765 897
f 843 877 898 878
f 956 930 894 878
f 996 997 931 930
f 950 997 1025 1026
f 1067 998 1026 1066
f 1713 1647 1731 1787
f 1787 1786 1837 1811
f 1837 1864 1812 1838
f 1780 1812 1831 1795
f 1870 1782 1779 1795
f 1756 1782 1851 1833
f 1781 1737 1756 1833
f 2955 2716 759 2726
f 830 851 815 759
f 922 903 851 814
f 922 921 988 968
f 1017 1034 1019 988
f 1018 1101 1053 1034
f 1159 1229 1230 1174
f 1272 1321 2786 1230
f 1321 1364 1388 3027
f 1101 1067 1111 1150
f 1325 1441 1415 1324
f 1371 1415 1345 2791
f 1236 1207 1259 2791
f 1252 1342 1440 1325
f 1412 1414 1342 1323
f 1388 3026 1412 3027
f 1702 1670 1631 1688
f 1736 1796 1797 1688
f 1632 1670 1689 1671
f 1633 1671 1679 1626
f 1563 1626 1746 1610
f 1610 1731 1647 3036
f 1849 2841 1796 1781
f 2795 1288 1399 1336
f 982 1031 917 2720
f 824 2739 917 959
f 918 900 824 983
f 901 862 827 918
f 920 864 861 862
f 1246 1290 2797 1141
f 960 863 864 2971
f 960 2763 2753 2746
f 961 2753 3096 2787
f 2795 1336 1290 1246
f 1191 1337 1014 2787
f 1014 1337 2813 1433
f 2812 1296 1433 1592
f 1193 2806 1434 2999
f 2806 2812 1568 1548
f 1434 1435 1614 2807
f 2804 2803 3011 1167
f 3011 1318 1319 2887
f 2804 1146 3007 1385
f 3007 1298 1404 1509
f 1614 3037 1404 2807
f 1319 1436 1357 1266
f 1357 1384 1432 1383
f 1432 1451 1352 1403
f 1292 1352 1316 1223
f 1291 1396 1222 2998 1093
f 1092 981 2770 1190 1093
f 2998 1222 1221 1121
f 1163 1221 1292 1223
f 2766 2770 981 1031 982
f 1351 2797 1290 1430
f 1430 1290 1336 1398
f 2972 2489 892 909
f 2973 929 2491 994
f 2490 1041 1024 929
f 2972 1040 1024 1041
f 1238 1179 1236 1237
f 1260 1180 1158 1238
f 2792 2995 1239 1180
f 1181 2995 1332 2794
f 3021 3005 2793 2794
f 3004 1261 1229 1209
f 3004 2793 3005 1374
f 993 2491 1040 910
f 1040 2972 909 910
f 2726 831 793 2955
f 867 876 816 831
f 924 897 765 876
f 898 877 897 915
f 956 878 898 955
f 995 996 930 956
f 997 996 1043 1025
f 1065 1066 1026 1025
f 1066 1132 1111 1067
f 1731 1730 1786 1787
f 1879 1864 1837 1786
f 1812 1864 1998 1831
f 1795 1831 1938 1870
f 1851 1782 1870 1871
f 1850 1833 1851 1921
f 1781 1833 1850 1849
f 2726 759 815 852
f 815 851 903 888
f 968 943 903 922
f 968 988 1019 1020
f 1054 1019 1034 1053
f 1126 1053 1101 1150
f 1230 1229 1261 1272
f 1347 1364 1321 1272
f 1364 1411 1472 1388
f 1111 1178 1169 1150
f 1440 1416 1441 1325
f 1372 1345 1415 1441
f 2791 1345 1237 1236
f 1414 1459 1440 1342
f 3026 1413 1414 1412
f 1472 1492 3026 1388
f 1703 1689 1670 1702
f 1688 1797 1798 1702
f 2841 1832 1797 1796
f 1671 1689 1723 1679
f 1626 1679 1768 1746
f 1610 1746 1730 1731
f 1849 1890 1920 2841
f 2781 959 917 1031
f 824 959 1009 983
f 918 983 1096 901
f 901 1011 920 862
f 864 920 1012 2971
f 2971 1013 2763 960
f 2763 2893 3096 2753
f 2787 3096 1010 1191
f 1191 1293 1506 1337
f 1337 1506 1508 2813
f 1592 1433 2813 1628
f 1568 2812 1592 2827
f 1548 1435 1434 2806
f 1548 1568 1721 1650
f 1650 1614 1435 1548
f 1385 3031 2803 2804
f 2803 1526 1318 3011
f 1319 1318 3023 1436
f 1509 2815 1385 3007
f 3037 1593 1509 1404
f 3037 1614 1650 3038
f 1436 3100 1384 1357
f 1384 3020 1451 1432
f 1352 1451 3010 1316
f 1223 1316 1165 1143
f 1093 2998 1050 1092
f 981 1092 1050 1142
f 1121 1221 1163 2781
f 2998 1121 1142 1050
f 1009 1163 1223 1143
f 1031 981 1142 1121 2781
f 929 1024 1040 2491
f 1237 1330 1260 1238
f 1308 2792 1180 1260
f 2995 2792 1391 1332
f 2794 1332 3019 3021
f 3005 3021 1445 1426
f 1331 1261 3004 1374
f 1374 3005 1426 1424
f 852 867 831 2726
f 876 867 923 924
f 897 924 932 915
f 954 955 898 915
f 956 955 1042 995
f 995 1083 1043 996
f 1025 1043 1064 1065
f 1065 1131 1132 1066
f 1111 1132 2782 1178
f 1786 1730 1813 1879
f 1879 1953 1998 1864
f 1999 1938 1831 1998
f 1871 1870 1938 1968
f 1941 1921 1851 1871
f 1921 2001 1919 1850
f 1849 1850 1919 1890
f 888 889 852 815
f 888 903 943 944
f 1020 989 943 968
f 1055 1020 1019 1054
f 1054 1053 1126 1125
f 1150 1169 1170 1126
f 1272 1261 1331 1347
f 1347 1425 1411 1364
f 1411 1491 1531 1472
f 1178 1257 1234 1169
f 1416 1440 1459 1460
f 1441 1416 1390 1372
f 1237 1345 1372 1330
f 1413 1511 1459 1414
f 3026 1492 1532 1413
f 1492 1472 1531 1602
f 1723 1689 1703 1757
f 1702 1798 1799 1703
f 1797 1832 1852 1798
f 1891 1832 2841 1920
f 1723 1800 1768 1679
f 1768 1813 1730 1746
f 1920 1890 1939 2000
f 2781 1163 1009 959
f 1143 1096 983 1009
f 2784 1011 901 1096
f 1011 1051 1012 920
f 2971 1012 1098 1013
f 1077 2893 2763 1013
f 1010 3096 2893 1166
f 1401 1293 1191 1010
f 1506 1293 3025 2822
f 2822 1629 1508 1506
f 1696 1628 2813 1508
f 1592 1628 1735 2827
f 2827 2844 1932 1568
f 1721 1568 1932 1826
f 1699 1650 1721 3050
f 1385 2815 2817 3031
f 1526 2803 3031 1550
f 1549 3023 1318 1526
f 3100 1436 3023 3032
f 1593 1594 2815 1509
f 3110 1593 3037 3038
f 1650 1699 1668 3038
f 3100 1400 3020 1384
f 3010 1451 3020 2805
f 1165 1316 3010 1248
f 1096 1143 1165 2784
f 1260 1330 1346 1308
f 1308 1373 1391 2792
f 3019 1332 1391 1422
f 1445 3021 3019 1465
f 1445 1478 1423 1426
f 1374 1424 1392 1331
f 1426 1423 1477 1424
f 923 867 852 889
f 924 923 945 932
f 915 932 953 954
f 1000 1042 955 954
f 1083 995 1042 1070
f 1064 1043 1083 2773
f 1064 1130 1131 1065
f 1131 1177 2782 1132
f 1257 1178 2782 1204
f 1813 1855 1953 1879
f 1999 1998 1953 1952
f 2025 1968 1938 1999
f 1871 1968 2026 1941
f 2024 2001 1921 1941
f 2001 2070 1940 1919
f 1890 1919 1940 1939
f 904 889 888 944
f 944 943 989 1021
f 1055 1056 989 1020
f 1125 1102 1055 1054
f 1126 1170 1171 1125
f 1169 1234 1249 1170
f 1331 1392 1425 1347
f 1425 1471 1491 1411
f 1531 1491 1554 1601
f 1234 1257 1307 1339
f 1459 1511 1516 1460
f 1460 1464 1390 1416
f 1390 1346 1330 1372
f 1413 1532 1555 1511
f 1602 1576 1532 1492
f 1601 1619 1602 1531
f 1757 1703 1799 1834
f 1895 1800 1723 1757
f 1799 1798 1852 1853
f 1892 1852 1832 1891
f 1891 1920 2000 1967
f 1855 1813 1768 1800
f 2000 1939 2046 2071
f 1164 1051 1011 2784
f 1012 1051 1224 1098
f 1013 1098 2886 1077
f 1166 2893 1077 1097
f 1010 1166 2801 1401
f 1354 3025 1293 1401
f 2822 3025 3030 3035
f 3035 2819 1629 2822
f 3042 1696 1508 1629
f 2835 1735 1628 1696
f 1735 1842 2844 2827
f 2090 3063 1932 2844
f 3063 1847 1826 1932
f 3050 1721 1826 1794
f 3050 1755 2503 1699
f 2815 1594 1686 2817
f 3040 1550 3031 2817
f 1569 1549 1526 1550
f 3032 3023 1549 2830
f 3032 2818 1400 3100
f 3110 1700 1594 1593
f 3038 1668 2832 3110
f 1668 1699 2503 3043
f 1400 3099 2805 3020
f 2805 3098 1248 3010
f 2784 1165 1248 1164
f 1346 2809 1373 1308
f 1422 1391 1373 1444
f 1465 3019 1422 1499
f 1465 1500 1478 1445
f 1478 1580 1537 1423
f 1424 1477 1479 1392
f 1423 1537 1518 1477
f 889 904 945 923
f 932 945 990 953
f 954 953 1068 1000
f 1070 1042 1000 1069
f 1070 1115 2773 1083
f 1130 1064 2773 1110
f 1176 1177 1131 1130
f 2782 1177 1233 1204
f 1280 1307 1257 1204
f 1923 1952 1953 1855
f 1952 1971 2025 1999
f 2048 2026 1968 2025
f 1941 2026 2074 2024
f 2070 2001 2024 2073
f 2092 1940 2070 2093
f 1940 2092 2046 1939
f 944 1021 969 904
f 1021 989 1056 1057
f 1102 1103 1056 1055
f 1125 1171 1151 1102
f 1225 1171 1170 1249
f 1301 1249 1234 1339
f 1392 1479 1471 1425
f 1471 1553 1554 1491
f 1601 1554 1600 1635
f 1307 1344 1359 1339
f 1511 1555 1604 1516
f 1460 1516 1474 1464
f 1464 2809 1346 1390
f 1555 1532 1576 1636
f 1658 1576 1602 1619
f 1635 1673 1619 1601
f 1799 1853 1872 1834
f 1895 1757 1834 1854
f 1923 1855 1800 1895
f 1892 1893 1853 1852
f 1891 1967 1942 1892
f 2000 2071 2047 1967
f 2114 2094 2071 2046
f 1051 1164 1247 1224
f 1098 1224 1294 2886
f 1077 2886 1317 1097
f 1097 1353 2801 1166
f 2802 1354 1401 2801
f 3025 1354 1485 3030
f 3035 3030 1566 2833
f 1682 2819 3035 2833
f 1629 2819 1695 3042
f 3042 1774 2835 1696
f 1735 2835 1904 1842
f 1842 2846 2090 2844
f 2890 3063 2090 1990
f 1847 3063 2890 3066
f 2843 1794 1826 1847
f 1794 2837 1755 3050
f 1793 2503 1755 1778
f 1700 1848 1686 1594
f 2817 1686 1685 3040
f 1753 1569 1550 3040
f 1549 1569 1722 2830
f 2830 2829 2818 3032
f 2818 2820 3099 1400
f 3110 2832 2505 1700
f 3043 2504 2832 1668
f 2503 1793 2508 3043
f 2805 3099 2800 3098
f 1248 3098 1247 1164
f 1373 2809 2810 1444
f 1499 1422 1444 1476
f 1499 1536 1500 1465
f 1500 1581 1580 1478
f 1606 1537 1580 1607
f 1477 1518 1517 1479
f 1622 1518 1537 1606
f 969 990 945 904
f 1068 953 990 1035
f 1068 1113 1069 1000
f 1069 1114 1115 1070
f 2773 1115 1156 1110
f 1130 1110 1203 1176
f 1255 1233 1177 1176
f 1204 1233 1306 1280
f 1329 1344 1307 1280
f 1923 1922 1971 1952
f 2025 1971 1943 2048
f 2026 2048 2076 2074
f 2073 2024 2074 2096
f 2093 2070 2073 2116
f 2181 2115 2092 2093
f 2046 2092 2115 2114
f 1058 969 1021 1057
f 1057 1056 1103 1104
f 1102 1151 1152 1103
f 1151 1171 1225 1201
f 1225 1249 1301 1269
f 1339 1359 1340 1301
f 1479 1517 1553 1471
f 1600 1554 1553 1599
f 1635 1600 1672 1728
f 1421 1389 1359 1344
f 1636 1637 1604 1555
f 1475 1474 1516 1604
f 2809 1464 1474 2810
f 1636 1576 1658 1674
f 1673 1690 1658 1619
f 1728 1729 1673 1635
f 1893 1894 1872 1853
f 2845 1854 1834 1872
f 1854 1922 1923 1895
f 1942 1969 1893 1892
f 1967 2047 2023 1942
f 2094 2095 2047 2071
f 2180 2132 2094 2114
f 1294 1224 1247 1382
f 2886 1294 1295 1317
f 1097 1317 1355 1353
f 2801 1353 1402 2802
f 2802 1524 1485 1354
f 3030 1485 1565 1566
f 2833 1566 1589 1681
f 2819 1682 1748 1695
f 2833 1681 1715 1682
f 3042 1695 1773 1774
f 1881 1904 2835 1774
f 1842 1904 1913 2846
f 1990 2090 2846 2128
f 1990 2382 2365 2890
f 2890 2365 2272 3066
f 2843 1847 3066 3059
f 1917 2837 1794 2843
f 2837 1830 1778 1755
f 1869 1846 1793 1778
f 2507 1848 1700 2505
f 1686 1848 3051 1685
f 1685 1827 1753 3040
f 2840 1722 1569 1753
f 1722 1769 2829 2830
f 2818 2829 2821 2820
f 2800 3099 2820 3033
f 1777 2505 2832 2504
f 3043 2508 1754 2504
f 1793 1846 1829 2508
f 1247 3098 2800 1382
f 1476 1444 2810 1498
f 1476 1535 1536 1499
f 1500 1536 1608 1581
f 1645 1607 1580 1581
f 1607 1646 1643 1606
f 1518 1622 1559 1517
f 1644 1622 1606 1643
f 1035 990 969 1058
f 1068 1035 1081 1113
f 1069 1113 1160 1114
f 1114 1210 1156 1115
f 1156 1256 1203 1110
f 1255 1176 1203 1278
f 1255 1305 1306 1233
f 1280 1306 1343 1329
f 1370 1421 1344 1329
f 1922 1970 1943 1971
f 2028 2076 2048 1943
f 2117 2096 2074 2076
f 2073 2096 2165 2116
f 2184 2181 2093 2116
f 2181 2228 2205 2115
f 2114 2115 2205 2180
f 1058 1057 1104 1105
f 1104 1103 1152 1172
f 1201 1226 1152 1151
f 1269 1270 1201 1225
f 1301 1340 1360 1269
f 1340 1359 1389 1406
f 1517 1559 1599 1553
f 1600 1599 1657 1672
f 1706 1727 1728 1672
f 1389 1421 1442 1443
f 1674 1675 1637 1636
f 1605 1475 1604 1637
f 1475 1498 2810 1474
f 1707 1674 1658 1690
f 1729 1739 1690 1673
f 1728 1727 1760 1729
f 1894 1893 1969 2002
f 1872 1894 1944 2845
f 1970 1922 1854 2845
f 1942 2023 2027 1969
f 2047 2095 2072 2023
f 2132 2133 2095 2094
f 2132 2180 2229 2182
f 3022 1453 1294 1382
f 1453 1486 1295 1294
f 1317 1295 2811 1355
f 1353 1355 1468 1402
f 1402 1452 1524 2802
f 1485 1524 1546 1565
f 1589 1566 1565 1649
f 1714 1681 1589 2831
f 2836 1748 1682 1715
f 1773 1695 1748 1772
f 1681 1714 1771 1715
f 1774 1773 1818 1881
f 1881 1982 1913 1904
f 1913 2864 2128 2846
f 2128 2244 2382 1990
f 2382 2408 2374 2365
f 3070 2272 2365 2374
f 3066 2272 2204 3059
f 3059 2869 1996 1917 2843
f 1917 2522 1830 2837
f 1778 1830 1868 1869
f 1918 2514 1846 1869
f 1866 2849 3051 1848 2507
f 3054 2507 2505 1777
f 1685 3051 2842 1827
f 2840 1753 1827 3101 1843 1914
f 2840 1844 1769 1722
f 1747 2821 2829 1769
f 3033 2820 2821 1680
f 1382 2800 3033 3022
f 2504 1754 2506 1777
f 2510 1754 2508 1829
f 1829 1846 2514 2513
f 1498 1579 1535 1476
f 1642 1608 1536 1535
f 1645 1581 1608 1623
f 1645 1661 1646 1607
f 1677 1643 1646 1711
f 1644 1656 1559 1622
f 1644 1643 1677 1725
f 1058 1105 1081 1035
f 1081 1127 1160 1113
f 1160 1182 1210 1114
f 1256 1156 1210 2996
f 1278 1203 1256 1279
f 1278 1328 1305 1255
f 1305 1367 1343 1306
f 1329 1343 1419 1370
f 1370 1463 1442 1421
f 2028 1943 1970 2004
f 2117 2076 2028 2099
f 2166 2165 2096 2117
f 2116 2165 2183 2184
f 2184 2248 2228 2181
f 2228 2293 2273 2205
f 2180 2205 2273 2229
f 1105 1104 1172 1153
f 1152 1226 1250 1172
f 1270 3009 1226 1201
f 1361 1270 1269 1360
f 1360 1340 1406 1407
f 1454 1406 1389 1443
f 1599 1559 1656 1657
f 1704 1706 1672 1657
f 1727 1706 1738 1759
f 1497 1443 1442 3028
f 1762 1675 1674 1707
f 1637 1675 1660 1605
f 1579 1498 1475 1605
f 1707 1690 1739 1740
f 1760 1761 1739 1729
f 1759 1805 1760 1727
f 2002 1969 2027 2097
f 2002 2003 1944 1894
f 2845 1944 2004 1970
f 2537 2027 2023 2072
f 2072 2095 2133 2163
f 2182 2162 2133 2132
f 2327 2275 2182 2229
f 1587 1590 1453 3022
f 1613 1486 1453 1590
f 1486 1525 2811 1295
f 3029 1468 1355 2811
f 1468 2816 1452 1402
f 1524 1452 1507 1546
f 1565 1546 1567 1649
f 1649 1664 2831 1589
f 2889 1776 1714 2831
f 2836 1788 1772 1748
f 1715 1771 1817 2836
f 3053 1818 1773 1772
f 1714 1776 1816 1771
f 1818 1981 1982 1881
f 1982 2011 2864 1913
f 2864 2287 2244 2128
f 2393 2408 2382 2244
f 2374 2408 2264 2392
f 2272 3070 2353 2204
f 2392 2375 3070 2374
f 2869 3059 2204 2850
f 2529 1996 2869 3105 1889
f 2522 1917 1996 2529
f 1830 2522 1916 1868
f 1918 1869 1868 2515
f 2520 2514 1918 1937
f 3105 2869 2850 2849 1866
f 3051 2849 3102 2842
f 3105 1866 2507 3054
f 1777 2506 1828 3054
f 2842 1991 3101 1827
f 3101 1933 2517 1843
f 1843 2517 3056 1914
f 1914 1964 1844 2840
f 1769 1844 1954 1747
f 1680 2821 1747 1814
f 3022 3033 1680 1587
f 2509 2506 1754 2510
f 1829 2513 2512 2510
f 1915 2513 2514 2520
f 1642 1535 1579 1641
f 1623 1608 1642 3041
f 1693 1661 1645 1623
f 1710 1711 1646 1661
f 1677 1711 1766 1712
f 1725 1705 1656 1644
f 1677 1712 1758 1725
f 1127 1081 1105 1153
f 1173 1182 1160 1127
f 2996 1210 1182 1262
f 1309 1279 1256 2996
f 1279 1327 1328 1278
f 1305 1328 1368 1367
f 1419 1343 1367 1420
f 1462 1463 1370 1419
f 3028 1442 1463 1495
f 2028 2004 2075 2099
f 2166 2117 2099 2135
f 2209 2183 2165 2166
f 2183 2250 2248 2184
f 2248 2326 2293 2228
f 2274 2273 2293 2325
f 2327 2229 2273 2274
f 1153 1172 1250 1227
f 1250 1226 3009 3008
f 1270 1361 1362 3009
f 1360 1407 1408 1361
f 1406 1454 1455 1407
f 1443 1497 1515 1454
f 1704 1657 1656 1705
f 1706 1704 1726 1738
f 1759 1738 1803 1804
f 1514 1558 1497 3028
f 1762 1691 1660 1675
f 1740 1763 1762 1707
f 1660 1641 1579 1605
f 1739 1761 1783 1740
f 1805 1857 1761 1760
f 1804 1899 1805 1759
f 2134 2097 2027 2537
f 2097 2098 2003 2002
f 1944 2003 2075 2004
f 2164 2537 2072 2163
f 2163 2133 2162 2207
f 2182 2275 2206 2162
f 2295 2275 2327 2328
f 1590 1587 1770 1684
f 1613 2828 1525 1486
f 1684 2834 1613 1590
f 2811 1525 3034 3029
f 3029 1547 2816 1468
f 1591 1507 1452 2816
f 1612 1567 1546 1507
f 1649 1567 1665 1664
f 2889 2831 1664 2888
f 1750 1791 1776 2889
f 1817 1957 1788 2836
f 3053 1772 1788 1980
f 1771 1816 1839 1817
f 2036 1981 1818 3053
f 1776 1791 1815 1816
f 1982 1981 2058 2011
f 2241 2287 2864 2011
f 2287 2381 2393 2244
f 2364 2264 2408 2393
f 2112 2153 2392 2264
f 2292 2353 3070 2375
f 2161 2850 2204 2353
f 2375 2392 2153 2284
f 3054 1828 1889 3105
f 1889 3057 1995 2529
f 2529 1995 1916 2522
f 2515 1868 1916 1936
f 2515 2518 1937 1918
f 1937 2527 2524 2520
f 3102 2849 2850 2161
f 1991 2842 3102 3079
f 2509 1845 1828 2506
f 1933 3101 1991 2040
f 1992 2528 2517 1933
f 2528 2041 3056 2517
f 1914 3056 2017 1964
f 1844 1964 2065 2853
f 2854 1954 1844 2853
f 1954 1955 1814 1747
f 1680 1814 1770 1587
f 2510 2512 2511 2509
f 2512 2513 1915 2519
f 2520 2524 1965 1915
f 1642 1641 1708 3041
f 3041 1709 1693 1623
f 1693 1743 1710 1661
f 1765 1766 1711 1710
f 1766 1785 3052 1712
f 1758 1724 1705 1725
f 1712 3052 1802 1758
f 1153 1227 1173 1127
f 1262 1182 1173 1228
f 2996 1262 1283 1309
f 1327 1279 1309 1369
f 1327 1417 1368 1328
f 1420 1367 1368 3024
f 1419 1420 1512 1462
f 1462 1513 1495 1463
f 3028 1495 1496 1514
f 2099 2075 2857 2135
f 2166 2135 2251 2209
f 2183 2209 2277 2250
f 2250 2330 2326 2248
f 2347 2325 2293 2326
f 2325 2354 2366 2274
f 2328 2327 2274 2366
f 1302 1227 1250 3008
f 3008 3009 1362 1341
f 1362 1361 1408 1409
f 1407 1455 1469 1408
f 1528 1455 1454 1515
f 1515 1497 1558 1578
f 1704 1705 1724 1726
f 1738 1726 1801 1803
f 1898 1804 1803 1897
f 1621 1640 1558 1514
f 1762 1763 1764 1691
f 1708 1641 1660 1691
f 1740 1783 1806 1763
f 1783 1761 1857 1858
f 1805 1899 1900 1857
f 1972 1899 1804 1898
f 2098 2097 2134 2861
f 2164 2167 2134 2537
f 2098 2857 2075 2003
f 2163 2207 2208 2164
f 2162 2206 2249 2207
f 2275 2295 2294 2206
f 2328 2368 2343 2295
f 1770 1880 2838 1684
f 1613 2834 1751 2828
f 3034 1525 2828 1698
f 1684 2838 1910 2834
f 3029 3034 1666 1547
f 1547 2825 1591 2816
f 1612 1507 1591 2823
f 1588 1665 1567 1612
f 2888 1664 1665 1719
f 2889 2888 1775 1750
f 1750 1823 1909 1791
f 1839 1906 1957 1817
f 1980 1788 1957 1979
f 3053 1980 2082 2036
f 1905 1839 1816 1815
f 2125 2058 1981 2036
f 1815 1791 1909 1888
f 2011 2058 2172 2241
f 2287 2241 2315 2381
f 2127 2364 2393 2381
f 2860 2112 2264 2364
f 2851 2153 2112 2039
f 2292 2865 2161 2353
f 2292 2375 2284 2271
f 2123 2284 2153 2851
f 3057 1889 1828 1845
f 1994 1995 3057 2523
f 1936 1916 1995 1994
f 1936 2526 2518 2515
f 2527 1937 2518 1997
f 2527 2043 2045 2524
f 2865 2552 2155 3079 3102 2161
f 2040 1991 3079 2533
f 2509 2511 1867 1845
f 2040 2530 1992 1933
f 2528 1992 2062 2063
f 2041 2528 2063 2534
f 3056 2041 2130 2017
f 1964 2017 2064 2065
f 2859 2160 2853 2065
f 2123 1955 1954 2854
f 2853 2160 2271 2854
f 1814 1955 1880 1770
f 2516 2511 2512 2519
f 1915 1965 2525 2519
f 2020 1965 2524 2045
f 1708 1692 1709 3041
f 1742 1743 1693 1709
f 1710 1743 1767 1765
f 1810 1785 1766 1765
f 1878 1877 3052 1785
f 1758 1802 1835 1724
f 3052 1877 1856 1802
f 1173 1227 1302 1228
f 1228 1271 1283 1262
f 1375 1369 1309 1283
f 1418 1417 1327 1369
f 1417 1461 3024 1368
f 1420 3024 1493 1512
f 1462 1512 1533 1513
f 1496 1495 1513 1534
f 1496 1534 1621 1514
f 2857 2185 2251 2135
f 2251 3073 2277 2209
f 2346 2330 2250 2277
f 2347 2326 2330 2357
f 2376 2354 2325 2347
f 2383 2384 2366 2354
f 2366 2384 2368 2328
f 3008 1341 1320 1302
f 1409 1410 1341 1362
f 1409 1408 1469 1456
f 1528 1529 1469 1455
f 1596 1528 1515 1578
f 1578 1558 1640 1603
f 1726 1724 1835 1801
f 1873 1897 1803 1801
f 1897 1947 1948 1898
f 1659 1640 1621 1639
f 1764 1763 1806 1784
f 1691 1764 1692 1708
f 1858 1836 1806 1783
f 1858 1857 1900 1875
f 1899 1972 1949 1900
f 1898 1948 2008 1972
f 2134 2167 2210 2861
f 2185 2857 2098 2861
f 2276 2167 2164 2208
f 2207 2249 2297 2208
f 2206 2294 2296 2249
f 2342 2294 2295 2343
f 2343 2368 2386 2367
f 2838 1880 2851 2039
f 1841 1751 2834 1910
f 1698 2828 1751 1667
f 1666 3034 1698 1720
f 2016 1910 2838 2039
f 1666 2826 2825 1547
f 1591 2825 1648 2823
f 2823 1683 1588 1612
f 1588 1697 1719 1665
f 1775 2888 1719 3048
f 1775 1887 1823 1750
f 1823 2013 1987 1909
f 1956 1906 1839 1905
f 1979 1957 1906 1958
f 1979 2057 2082 1980
f 2082 2198 2125 2036
f 1905 1815 1888 3055
f 2125 2260 2172 2058
f 1888 1909 1987 1963
f 2316 2315 2241 2172
f 2323 2127 2381 2315
f 2364 2127 2852 2860
f 2039 2112 2860 2016
f 2865 2292 2271 2160
f 2854 2271 2284 2123
f 1880 1955 2123 2851
f 1845 1867 2523 3057
f 2523 2870 2018 1994
f 1994 2018 2526 1936
f 1997 2518 2526 2022
f 2021 2043 2527 1997
f 2043 2044 2066 2045
f 2552 2865 2160 2859
f 2552 2245 2543 2155
f 2533 3079 2155 2543
f 2533 2538 2530 2040
f 2516 1935 1867 2511
f 1992 2530 2061 2062
f 2063 2062 2113 2535
f 2534 2063 2535 2131
f 2534 2178 2130 2041
f 2159 2064 2017 2130
f 2065 2064 2548 2859
f 2519 2525 1934 2516
f 2525 1965 2020 3061
f 2066 2067 2020 2045
f 1709 1692 1741 1742
f 1742 1809 1767 1743
f 1765 1767 1863 1810
f 1810 1862 1878 1785
f 1877 1878 1951 1950
f 1835 1802 1856 1874
f 1896 1856 1877 1950
f 1228 1302 1320 1271
f 1283 1271 1363 1375
f 1418 1369 1375 1387
f 1473 1461 1417 1418
f 1461 1494 1493 3024
f 1556 1533 1512 1493
f 1513 1533 1620 1534
f 1639 1621 1534 1620
f 3073 2251 2185 2278
f 2346 2277 3073 2331
f 2346 2356 2357 2330
f 2357 2389 2376 2347
f 2394 2383 2354 2376
f 3075 2384 2383 3074
f 3075 2386 2368 2384
f 1341 1410 1386 1320
f 1456 1457 1410 1409
f 1469 1529 1551 1456
f 1596 1597 1529 1528
f 1578 1603 1634 1596
f 1659 1634 1603 1640
f 1873 1801 1835 1874
f 1945 1947 1897 1873
f 2007 1948 1947 2029
f 1638 1676 1659 1639
f 1806 1836 1807 1784
f 1692 1764 1784 1741
f 1875 1859 1836 1858
f 1875 1900 1949 3058
f 1949 1972 2008 2051
f 2008 1948 2007 2078
f 2276 2298 2210 2167
f 2861 2210 2278 2185
f 2208 2297 2329 2276
f 2344 2297 2249 2296
f 2355 2296 2294 2342
f 2367 2385 2342 2343
f 2367 2386 2407 2399
f 1865 1667 1751 1841
f 1910 2016 1988 1841
f 1720 1698 1667 1792
f 1720 3049 2826 1666
f 2826 1734 1648 2825
f 2823 1648 1716 1683
f 1588 1683 1717 1697
f 3048 1719 1697 3046
f 1887 1775 3048 1886
f 1887 1985 2013 1823
f 1987 2013 2014 1986
f 1958 1906 1956 1978
f 3060 1956 1905 3055
f 1979 1958 2035 2057
f 2057 2148 2198 2082
f 2198 3069 2260 2125
f 3055 1888 1963 2015
f 2172 2260 3072 2316
f 2038 1963 1987 1986
f 2315 2316 2265 2323
f 2087 2852 2127 2323
f 2860 2852 1988 2016
f 1935 2870 2523 1867
f 2870 2521 2042 2018
f 2042 2022 2526 2018
f 1997 2022 2091 2021
f 2043 2021 2069 2044
f 2066 2044 2069 2540
f 2859 2548 2245 2552
f 2541 2543 2245 2550
f 2543 2541 2538 2533
f 2061 2530 2538 2129
f 2516 1934 2019 1935
f 2539 2113 2062 2061
f 2158 2535 2113 2157
f 2158 3068 2131 2535
f 2131 2227 2178 2534
f 2130 2178 2179 2159
f 2545 2548 2064 2159
f 3061 1993 1934 2525
f 3061 2020 2067 2536
f 2540 2536 2067 2066
f 1741 1808 1809 1742
f 1861 1863 1767 1809
f 1862 1810 1863 1903
f 1902 1951 1878 1862
f 1950 1951 2010 1976
f 1924 1874 1856 1896
f 1950 1976 1946 1896
f 1271 1320 1386 1363
f 1387 1375 1363 1439
f 1387 1446 1473 1418
f 1473 1519 1494 1461
f 1557 1556 1493 1494
f 1620 1533 1556 3039
f 1620 3039 1638 1639
f 2278 2299 2331 3073
f 2331 2557 2356 2346
f 2389 2357 2356 2388
f 2866 2394 2376 2389
f 2409 3074 2383 2394
f 3075 3074 2416 2867
f 2867 2407 2386 3075
f 1438 1386 1410 1457
f 1551 1489 1457 1456
f 1597 1574 1551 1529
f 1597 1596 1634 1618
f 1618 1634 1659 1676
f 1873 1874 1924 1945
f 2029 1947 1945 2006
f 2077 2137 2007 2029
f 1638 1655 1654 1676
f 1876 1807 1836 1859
f 1741 1784 1807 1808
f 3058 1973 1859 1875
f 2052 3058 1949 2051
f 2078 2079 2051 2008
f 2078 2007 2137 2189
f 2276 2329 2345 2298
f 2278 2210 2298 2299
f 2556 2329 2297 2344
f 2296 2355 2387 2344
f 2342 2385 2395 2355
f 2367 2399 2400 2385
f 2399 2407 2411 2417
f 1865 1930 1792 1667
f 1841 1988 1911 1865
f 1792 1824 3049 1720
f 3049 1752 1734 2826
f 1734 1732 1716 1648
f 1749 1717 1683 1716
f 3046 1697 1717 1718
f 1886 3048 3046 1885
f 1962 1985 1887 1886
f 2111 2014 2013 1985
f 2151 2038 1986 2014
f 1978 1956 3060 2034
f 1978 2147 2035 1958
f 3055 2015 2856 3060
f 2148 2057 2035 2171
f 2148 2240 3069 2198
f 2324 3072 2260 3069
f 2015 1963 2038 2086
f 2316 3072 3071 2265
f 2323 2265 2088 2087
f 1911 1988 2852 2087
f 2019 2521 2870 1935
f 2521 2532 2855 2042
f 2042 2855 2091 2022
f 2069 2021 2091 2068
f 2068 2531 2540 2069
f 2550 2245 2548 2545
f 2177 2541 2550 2220
f 2129 2538 2541 2177
f 2539 2061 2129 2542
f 1934 1993 1966 2019
f 2539 2156 2157 2113
f 2202 2223 2158 2157
f 2158 2223 2224 3068
f 2131 3068 2226 2227
f 2178 2227 2203 2179
f 2159 2179 2247 2545
f 2536 2567 1993 3061
f 2540 2531 2567 2536
f 1861 1809 1808 1860
f 1901 1903 1863 1861
f 1977 1902 1862 1903
f 2010 1951 1902 2032
f 1976 2010 2055 2031
f 1896 1946 2005 1924
f 1946 1976 2031 2054
f 1439 1363 1386 1438
f 1439 1458 1446 1387
f 1520 1519 1473 1446
f 1494 1519 1560 1557
f 1577 3039 1556 1557
f 1577 1655 1638 3039
f 2358 2557 2331 2299
f 2390 2388 2356 2557
f 2389 2388 2403 2866
f 2394 2866 2415 2409
f 2416 3074 2409 2423
f 2867 2416 2430 2429
f 2867 2429 2411 2407
f 1438 1457 1489 1470
f 1489 1551 1574 1530
f 1598 1574 1597 1618
f 1618 1676 1654 1598
f 2006 1945 1924 2005
f 2006 2050 2077 2029
f 2121 2137 2077 2136
f 1560 1575 1654 1655
f 1876 1860 1808 1807
f 1859 1973 1925 1876
f 1973 3058 2052 2053
f 2100 2052 2051 2079
f 2078 2189 2138 2079
f 2121 2212 2189 2137
f 2329 2556 2377 2345
f 2358 2299 2298 2345
f 2387 2397 2556 2344
f 2395 2396 2387 2355
f 2385 2400 2401 2395
f 2399 2417 2418 2400
f 2411 2410 2558 2417
f 1865 1911 1912 1930
f 1931 1824 1792 1930
f 1825 1752 3049 1824
f 1819 1732 1734 1752
f 1732 1733 1749 1716
f 1749 1790 1718 1717
f 1718 3047 1885 3046
f 1886 1885 1929 1962
f 1985 1962 2110 2111
f 2014 2111 2243 2151
f 2176 2086 2038 2151
f 2034 3060 2856 2145
f 2124 2147 1978 2034
f 2171 2035 2147 2105
f 2015 2086 2144 2856
f 2239 2240 2148 2171
f 3069 2240 2314 2324
f 2266 3071 3072 2324
f 2088 2265 3071 2154
f 2087 2088 1912 1911
f 2019 1966 2532 2521
f 2532 2567 2531 2855
f 2068 2091 2855 2531
f 2545 2247 2220 2550
f 2220 2551 3067 2177
f 2129 2177 3067 2542
f 2542 2544 2156 2539
f 2567 2532 1966 1993
f 2156 2546 2202 2157
f 2288 2223 2202 2270
f 2289 2224 2223 2288
f 2547 2226 3068 2224
f 2227 2226 2246 2203
f 2247 2179 2203 2549
f 1861 1860 1926 1901
f 1903 1901 2009 1977
f 2033 2032 1902 1977
f 2055 2010 2032 2081
f 2103 2122 2031 2055
f 1946 2054 2049 2005
f 2054 2031 2122 2118
f 1438 1470 1458 1439
f 1446 1458 1510 1520
f 1520 1575 1560 1519
f 1557 1560 1655 1577
f 2557 2358 2378 2390
f 2390 2414 2403 2388
f 2425 2415 2866 2403
f 2422 2423 2409 2415
f 2423 2426 2430 2416
f 2430 2442 2428 2429
f 2429 2428 2410 2411
f 1470 1489 1530 1490
f 1574 1598 1552 1530
f 1575 1552 1598 1654
f 2006 2005 2049 2050
f 2136 2077 2050 2120
f 2136 2188 2303 2121
f 1925 1926 1860 1876
f 1974 1925 1973 2053
f 2101 2053 2052 2100
f 2100 2079 2138 2169
f 2138 2189 2212 2190
f 2303 2282 2212 2121
f 2397 2404 2377 2556
f 2345 2377 2378 2358
f 2396 2402 2397 2387
f 2401 2406 2396 2395
f 2400 2418 2405 2401
f 2417 2558 3076 2418
f 2558 2410 2428 2431
f 1931 1930 1912 1989
f 1825 1824 1931 1927
f 1819 1752 1825 2839
f 1840 1733 1732 1819
f 1733 1789 1790 1749
f 1790 1822 3047 1718
f 1908 1929 1885 3047
f 1962 1929 2109 2110
f 2111 2110 2219 2243
f 2151 2243 2340 2176
f 2176 2152 2144 2086
f 2856 2144 2263 2145
f 2145 2146 2124 2034
f 2105 2147 2124 2216
f 2171 2105 2238 2239
f 2240 2239 2338 2314
f 2324 2314 2217 2266
f 2154 3071 2266 3065
f 2154 1989 1912 2088
f 2549 2551 2220 2247
f 2551 2221 2222 3067
f 2542 3067 2222 2544
f 2544 2201 2546 2156
f 2871 2270 2202 2546
f 2270 2554 2289 2288
f 2224 2289 2225 2547
f 2226 2547 2290 2246
f 2203 2246 2291 2549
f 1901 1926 1975 2009
f 1977 2009 2056 2033
f 2104 2081 2032 2033
f 2081 2143 2103 2055
f 2170 2142 2122 2103
f 2119 2049 2054 2118
f 2122 2142 2168 2118
f 1490 1510 1458 1470
f 1520 1510 1552 1575
f 2378 2413 2414 2390
f 2421 2425 2403 2414
f 2415 2425 2434 2422
f 2441 2426 2423 2422
f 2444 2442 2430 2426
f 2440 2431 2428 2442
f 1530 1552 1510 1490
f 2120 2050 2049 2119
f 2120 2187 2188 2136
f 2188 2211 2255 2303
f 1975 1926 1925 1974
f 2101 2080 1974 2053
f 2101 2100 2169 2139
f 2213 2169 2138 2190
f 2190 2212 2282 2231
f 2332 2282 2303 2255
f 2397 2402 2412 2404
f 2377 2404 2413 2378
f 2424 2402 2396 2406
f 2401 2405 2427 2406
f 2418 3076 2432 2405
f 3076 2558 2431 2440
f 1989 2089 1927 1931
f 1927 1959 2839 1825
f 2839 1907 1840 1819
f 1820 1789 1733 1840
f 1821 1822 1790 1789
f 3047 1822 1883 1908
f 1908 2012 2109 1929
f 2110 2109 2150 2219
f 2243 2219 2262 2340
f 2340 2341 2152 2176
f 2144 2152 2321 2263
f 2146 2145 2263 2259
f 2236 2216 2124 2146
f 2105 2216 2237 2238
f 2313 2338 2239 2238
f 2217 2314 2338 2317
f 3065 2266 2217 3064
f 2154 3065 2089 1989
f 2549 2291 2221 2551
f 2221 2269 3080 2222
f 2222 3080 2201 2544
f 3080 2871 2546 2201
f 2553 2554 2270 2871
f 2554 2555 2225 2289
f 2547 2225 2555 2290
f 2246 2290 2267 2291
f 2056 2009 1975 2030
f 2033 2056 2141 2104
f 2104 2196 2143 2081
f 2103 2143 2195 2170
f 2170 2215 2281 2142
f 2119 2118 2168 2186
f 2281 2252 2168 2142
f 2421 2414 2413 2420
f 2439 2434 2425 2421
f 2422 2434 2435 2441
f 2441 2446 2444 2426
f 2442 2444 2559 2440
f 2186 2187 2120 2119
f 2187 2253 2211 2188
f 2280 2255 2211 2254
f 2030 1975 1974 2080
f 2140 2080 2101 2139
f 2139 2169 2213 2191
f 2190 2231 2256 2213
f 2282 2332 2334 2231
f 2280 2279 2332 2255
f 2424 2433 2412 2402
f 2420 2413 2404 2412
f 2406 2427 2419 2424
f 2405 2432 2436 2427
f 2440 2559 2432 3076
f 1927 2089 2083 1959
f 2839 1959 1960 1907
f 1907 2847 1820 1840
f 1820 1882 1821 1789
f 1821 1928 1883 1822
f 1883 1884 2012 1908
f 2150 2109 2012 2108
f 2175 2262 2219 2150
f 2340 2262 2362 2341
f 2321 2152 2341 2373
f 2263 2321 2322 2259
f 2197 2236 2146 2259
f 2216 2236 2337 2237
f 2352 2313 2238 2237
f 2317 2338 2313 2285
f 2242 3064 2217 2317
f 2089 3065 3064 2083
f 2291 2267 2269 2221
f 3080 2269 2553 2871
f 2555 2554 2553 2268
f 2290 2555 2268 2267
f 2030 2102 2141 2056
f 2196 2104 2141 2194
f 2235 2195 2143 2196
f 2195 2234 2215 2170
f 2283 2300 2281 2215
f 2186 2168 2252 2230
f 2230 2252 2281 2300
f 2420 2438 2439 2421
f 2439 2445 2435 2434
f 2445 2446 2441 2435
f 2559 2444 2446 3077
f 2186 2230 2253 2187
f 2253 2301 2254 2211
f 2254 2348 2302 2280
f 2080 2140 2102 2030
f 2139 2191 2192 2140
f 2191 2213 2256 2232
f 2334 2304 2256 2231
f 2279 2333 2334 2332
f 2302 2333 2279 2280
f 2419 2437 2433 2424
f 2412 2433 2438 2420
f 2419 2427 2436 2437
f 2432 2559 3077 2436
f 1959 2083 2059 1960
f 1907 1960 2848 2847
f 1882 1820 2847 1983
f 1984 1928 1821 1882
f 1928 1961 1884 1883
f 2108 2012 1884 1961
f 2108 2085 2175 2150
f 2319 2362 2262 2175
f 2373 2341 2362 2363
f 2380 2322 2321 2373
f 2197 2259 2322 2336
f 2336 2337 2236 2197
f 2237 2337 2351 2352
f 2285 2313 2352 2261
f 2317 2285 2173 2242
f 3064 2242 2059 2083
f 2267 2268 2553 2269
f 2102 2193 2194 2141
f 2196 2194 2258 2235
f 2257 2234 2195 2235
f 2311 2283 2215 2234
f 2283 2350 2301 2300
f 2300 2301 2253 2230
f 2445 2439 2438 2443
f 3077 2446 2445 2443
f 2301 2350 2348 2254
f 2302 2348 2379 2369
f 2140 2192 2193 2102
f 2232 2233 2192 2191
f 2232 2256 2304 2305
f 2304 2334 2333 2359
f 2369 2359 2333 2302
f 2443 2438 2433 2437
f 2443 2437 2436 3077
f 1960 2059 2106 2848
f 1983 2847 2848 2060
f 1983 2037 1984 1882
f 3062 1961 1928 1984
f 2085 2108 1961 3062
f 2085 2174 2319 2175
f 2320 2363 2362 2319
f 2373 2363 2372 2380
f 2322 2380 2398 2336
f 2336 2398 2351 2337
f 2352 2351 2339 2261
f 2285 2261 2149 2173
f 2106 2059 2242 2173
f 2194 2193 2214 2258
f 2235 2258 2309 2257
f 2234 2257 2335 2311
f 2311 2361 2350 2283
f 2348 2350 2361 2379
f 2391 2369 2379 2370
f 2233 2214 2193 2192
f 2305 2307 2233 2232
f 2304 2359 2349 2305
f 2391 2349 2359 2369
f 2848 2106 2126 2060
f 2060 2107 2037 1983
f 2084 3062 1984 2037
f 2174 2085 3062 2084
f 2320 2319 2174 2200
f 2372 2363 2320 2286
f 2371 2398 2380 2372
f 2339 2351 2398 2371
f 2261 2339 2863 2149
f 2173 2149 2126 2106
f 2214 2308 2309 2258
f 2257 2309 2312 2335
f 2311 2335 2310 2361
f 2370 2379 2361 2310
f 2370 2312 2360 2391
f 2307 2308 2214 2233
f 2305 2349 2306 2307
f 2360 2306 2349 2391
f 2060 2126 2858 2107
f 2084 2037 2107 2199
f 2199 2200 2174 2084
f 2200 2218 2286 2320
f 2372 2286 2318 2371
f 2371 2318 2863 2339
f 2126 2149 2863 2858
f 2309 2308 2360 2312
f 2370 2310 2335 2312
f 2360 2308 2307 2306
f 2858 2862 2199 2107
f 2199 2862 2218 2200
f 2318 2286 2218 2862
f 2858 2863 2318 2862
